PRAGMA foreign_keys=OFF;
BEGIN TRANSACTION;
CREATE TABLE `User` (`id` INTEGER PRIMARY KEY AUTOINCREMENT, `openid` VARCHAR(255) NOT NULL UNIQUE, `nickname` VARCHAR(255), `role` VARCHAR(255) DEFAULT 'user', `avatarUrl` VARCHAR(255), `createdAt` DATETIME NOT NULL, `updatedAt` DATETIME NOT NULL);
INSERT INTO User VALUES(1,'mock_openid_001','管理员-Isamu','admin','https://example.com/default-avatar.png','2026-01-08 07:16:43.981 +00:00','2026-01-08 07:16:43.981 +00:00');
CREATE TABLE `Counselor` (`id` INTEGER PRIMARY KEY AUTOINCREMENT, `name` VARCHAR(255) NOT NULL, `type` VARCHAR(255) NOT NULL DEFAULT '内部', `sub_type` VARCHAR(255) NOT NULL DEFAULT '', `booking_price` FLOAT NOT NULL DEFAULT '0', `booking_multi_price` FLOAT NOT NULL DEFAULT '0', `note` VARCHAR(255) NOT NULL DEFAULT '', `status` INTEGER NOT NULL DEFAULT 1, `createdAt` DATETIME NOT NULL, `updatedAt` DATETIME NOT NULL);
INSERT INTO Counselor VALUES(1,'潘若思','内部','',70.0,120.0,'',1,'2026-01-08 07:16:43.984 +00:00','2026-01-08 07:16:43.984 +00:00');
INSERT INTO Counselor VALUES(2,'印梅','内部','',70.0,120.0,'',1,'2026-01-08 07:16:43.984 +00:00','2026-01-08 07:16:43.984 +00:00');
INSERT INTO Counselor VALUES(3,'张劼','内部','',70.0,120.0,'',1,'2026-01-08 07:16:43.984 +00:00','2026-01-08 07:16:43.984 +00:00');
INSERT INTO Counselor VALUES(4,'闫萍','内部','',70.0,120.0,'',1,'2026-01-08 07:16:43.984 +00:00','2026-01-08 07:16:43.984 +00:00');
INSERT INTO Counselor VALUES(5,'仝静','内部','',70.0,120.0,'',1,'2026-01-08 07:16:43.984 +00:00','2026-01-08 07:16:43.984 +00:00');
INSERT INTO Counselor VALUES(6,'赵嫕','内部','',70.0,120.0,'',1,'2026-01-08 07:16:43.984 +00:00','2026-01-08 07:16:43.984 +00:00');
INSERT INTO Counselor VALUES(7,'大文','内部','',70.0,120.0,'',1,'2026-01-08 07:16:43.984 +00:00','2026-01-08 07:16:43.984 +00:00');
INSERT INTO Counselor VALUES(8,'周立红','内部','',70.0,120.0,'',1,'2026-01-08 07:16:43.984 +00:00','2026-01-08 07:16:43.984 +00:00');
INSERT INTO Counselor VALUES(9,'丽华','内部','',70.0,120.0,'',1,'2026-01-08 07:16:43.984 +00:00','2026-01-08 07:16:43.984 +00:00');
INSERT INTO Counselor VALUES(10,'陈蕾','内部','',70.0,120.0,'',1,'2026-01-08 07:16:43.984 +00:00','2026-01-08 07:16:43.984 +00:00');
INSERT INTO Counselor VALUES(11,'杨静','内部','',70.0,120.0,'',1,'2026-01-08 07:16:43.984 +00:00','2026-01-08 07:16:43.984 +00:00');
INSERT INTO Counselor VALUES(12,'宫海蓉','内部','',70.0,120.0,'',1,'2026-01-08 07:16:43.984 +00:00','2026-01-08 07:16:43.984 +00:00');
INSERT INTO Counselor VALUES(13,'冯吉星','内部','',50.0,50.0,'',1,'2026-01-08 07:16:43.984 +00:00','2026-01-08 07:16:43.984 +00:00');
INSERT INTO Counselor VALUES(14,'周秀宇','内部','',70.0,120.0,'',1,'2026-01-08 07:16:43.984 +00:00','2026-01-08 07:16:43.984 +00:00');
INSERT INTO Counselor VALUES(15,'符瑶','内部','',70.0,120.0,'',1,'2026-01-08 07:16:43.984 +00:00','2026-01-08 07:16:43.984 +00:00');
INSERT INTO Counselor VALUES(16,'郭欣悦','内部','',70.0,120.0,'',1,'2026-01-08 07:16:43.984 +00:00','2026-01-08 07:16:43.984 +00:00');
INSERT INTO Counselor VALUES(17,'徐明燕','内部','',70.0,120.0,'',1,'2026-01-08 07:16:43.984 +00:00','2026-01-08 07:16:43.984 +00:00');
INSERT INTO Counselor VALUES(18,'杨飞','内部','',70.0,120.0,'',1,'2026-01-08 07:16:43.984 +00:00','2026-01-08 07:16:43.984 +00:00');
INSERT INTO Counselor VALUES(19,'曹晓春','内部','',70.0,120.0,'',1,'2026-01-08 07:16:43.984 +00:00','2026-01-08 07:16:43.984 +00:00');
INSERT INTO Counselor VALUES(20,'悦悦','外部','',90.0,120.0,'',1,'2026-01-08 07:16:43.984 +00:00','2026-01-08 07:16:43.984 +00:00');
INSERT INTO Counselor VALUES(21,'周家琦','外部','',90.0,120.0,'',1,'2026-01-08 07:16:43.984 +00:00','2026-01-08 07:16:43.984 +00:00');
INSERT INTO Counselor VALUES(22,'高小昕','外部','',90.0,120.0,'',1,'2026-01-08 07:16:43.984 +00:00','2026-01-08 07:16:43.984 +00:00');
INSERT INTO Counselor VALUES(23,'闫萍','外部','',90.0,120.0,'',1,'2026-01-08 07:16:43.984 +00:00','2026-01-08 07:16:43.984 +00:00');
INSERT INTO Counselor VALUES(24,'雪雪','合作-漫漫','',80.0,120.0,'',1,'2026-01-08 07:16:43.984 +00:00','2026-01-08 07:16:43.984 +00:00');
INSERT INTO Counselor VALUES(25,'金超轶','外部','',90.0,120.0,'',1,'2026-01-08 07:16:43.984 +00:00','2026-01-08 07:16:43.984 +00:00');
INSERT INTO Counselor VALUES(26,'马梦捷','外部','',90.0,120.0,'',1,'2026-01-08 07:16:43.984 +00:00','2026-01-08 07:16:43.984 +00:00');
INSERT INTO Counselor VALUES(27,'王芳培','外部','',90.0,120.0,'',1,'2026-01-08 07:16:43.984 +00:00','2026-01-08 07:16:43.984 +00:00');
INSERT INTO Counselor VALUES(28,'朱晓雨','外部','',90.0,120.0,'',1,'2026-01-08 07:16:43.984 +00:00','2026-01-08 07:16:43.984 +00:00');
INSERT INTO Counselor VALUES(29,'瑛姿','外部','',90.0,120.0,'',1,'2026-01-08 07:16:43.984 +00:00','2026-01-08 07:16:43.984 +00:00');
INSERT INTO Counselor VALUES(30,'许丽芳','外部','',90.0,120.0,'',1,'2026-01-08 07:16:43.984 +00:00','2026-01-08 07:16:43.984 +00:00');
INSERT INTO Counselor VALUES(31,'梅兰','外部','',90.0,120.0,'',1,'2026-01-08 07:16:43.984 +00:00','2026-01-08 07:16:43.984 +00:00');
INSERT INTO Counselor VALUES(32,'叶闻','合作-漫漫','',80.0,120.0,'',1,'2026-01-08 07:16:43.984 +00:00','2026-01-08 07:16:43.984 +00:00');
INSERT INTO Counselor VALUES(33,'方跃璇','合作-漫漫','',80.0,120.0,'',1,'2026-01-08 07:16:43.984 +00:00','2026-01-08 07:16:43.984 +00:00');
INSERT INTO Counselor VALUES(34,'墨提斯','合作-墨提斯','',80.0,120.0,'',1,'2026-01-08 07:16:43.984 +00:00','2026-01-08 07:16:43.984 +00:00');
INSERT INTO Counselor VALUES(35,'傅贤婧','外部','',90.0,120.0,'',1,'2026-01-08 07:16:43.984 +00:00','2026-01-08 07:16:43.984 +00:00');
INSERT INTO Counselor VALUES(36,'许媜','外部','',90.0,120.0,'',1,'2026-01-08 07:16:43.984 +00:00','2026-01-08 07:16:43.984 +00:00');
INSERT INTO Counselor VALUES(37,'李菁','外部','',90.0,120.0,'',1,'2026-01-08 07:16:43.984 +00:00','2026-01-08 07:16:43.984 +00:00');
INSERT INTO Counselor VALUES(38,'笑凡','外部','',0.0,0.0,'',1,'2026-01-08 07:16:43.984 +00:00','2026-01-08 07:16:43.984 +00:00');
INSERT INTO Counselor VALUES(39,'冯吉星','外部','',50.0,50.0,'',1,'2026-01-08 07:16:43.984 +00:00','2026-01-08 07:16:43.984 +00:00');
CREATE TABLE `Room` (`id` INTEGER PRIMARY KEY AUTOINCREMENT, `name` VARCHAR(255) NOT NULL, `type` VARCHAR(255) NOT NULL DEFAULT '咨询室', `isAvailable` TINYINT(1) DEFAULT 1, `createdAt` DATETIME NOT NULL, `updatedAt` DATETIME NOT NULL);
INSERT INTO Room VALUES(1,'咨询室1','咨询室',1,'2026-01-08 07:16:43.983 +00:00','2026-01-08 07:16:43.983 +00:00');
INSERT INTO Room VALUES(2,'咨询室2','咨询室',1,'2026-01-08 07:16:43.983 +00:00','2026-01-08 07:16:43.983 +00:00');
INSERT INTO Room VALUES(3,'咨询室3','咨询室',1,'2026-01-08 07:16:43.983 +00:00','2026-01-08 07:16:43.983 +00:00');
INSERT INTO Room VALUES(4,'多功能室1','多功能室',1,'2026-01-08 07:16:43.983 +00:00','2026-01-08 07:16:43.983 +00:00');
INSERT INTO Room VALUES(5,'多功能室2','咨询室',1,'2026-01-08 07:16:43.983 +00:00','2026-01-08 07:16:43.983 +00:00');
CREATE TABLE `Booking` (`id` INTEGER PRIMARY KEY AUTOINCREMENT, `booking_date` VARCHAR(255) NOT NULL, `start_time_slot` INTEGER NOT NULL, `start_time` VARCHAR(255) NOT NULL, `end_time_slot` INTEGER NOT NULL, `end_time` VARCHAR(255) NOT NULL, `counselor_id` INTEGER NOT NULL REFERENCES `Counselor` (`id`) ON DELETE CASCADE ON UPDATE CASCADE, `booker_name` VARCHAR(255) NOT NULL, `booker_type` VARCHAR(255) NOT NULL, `booking_fee` FLOAT NOT NULL DEFAULT '0', `status` TEXT DEFAULT 'booked', `user_id` VARCHAR(255) NOT NULL, `room_id` INTEGER NOT NULL REFERENCES `Room` (`id`) ON DELETE CASCADE ON UPDATE CASCADE, `createdAt` DATETIME NOT NULL, `updatedAt` DATETIME NOT NULL);
INSERT INTO Booking VALUES(1,'2026-12-01',32,'16:00',34,'17:00',6,'赵嫕','内部',70.0,'booked','mock_openid_001',1,'2026-01-08 07:45:32.728 +00:00','2026-01-08 07:45:32.728 +00:00');
INSERT INTO Booking VALUES(2,'2026-12-01',32,'16:00',34,'17:00',39,'冯吉星','外部',50.0,'booked','mock_openid_001',2,'2026-01-08 07:45:57.835 +00:00','2026-01-08 07:45:57.835 +00:00');
INSERT INTO Booking VALUES(3,'2026-12-01',22,'11:00',24,'12:00',11,'杨静','内部',70.0,'booked','mock_openid_001',3,'2026-01-08 07:46:26.599 +00:00','2026-01-08 07:46:26.599 +00:00');
INSERT INTO Booking VALUES(4,'2026-12-01',30,'15:00',32,'16:00',9,'丽华','内部',70.0,'booked','mock_openid_001',3,'2026-01-08 07:47:02.490 +00:00','2026-01-08 07:47:02.490 +00:00');
INSERT INTO Booking VALUES(5,'2026-12-01',34,'17:00',36,'18:00',6,'赵嫕','内部',70.0,'booked','mock_openid_001',3,'2026-01-08 07:47:23.133 +00:00','2026-01-08 07:47:23.133 +00:00');
INSERT INTO Booking VALUES(6,'2026-12-01',38,'19:00',40,'20:00',6,'赵嫕','内部',70.0,'booked','mock_openid_001',3,'2026-01-08 07:47:42.822 +00:00','2026-01-08 07:47:42.822 +00:00');
INSERT INTO Booking VALUES(7,'2026-12-01',36,'18:00',38,'19:00',6,'赵嫕','内部',120.0,'booked','mock_openid_001',4,'2026-01-08 07:48:30.439 +00:00','2026-01-08 07:48:30.439 +00:00');
INSERT INTO Booking VALUES(8,'2026-12-01',39,'19:30',41,'20:30',6,'赵嫕','内部',120.0,'booked','mock_openid_001',4,'2026-01-08 07:48:47.266 +00:00','2026-01-08 07:48:47.266 +00:00');
INSERT INTO Booking VALUES(9,'2026-12-01',26,'13:00',44,'22:00',38,'笑凡','外部',0.0,'booked','mock_openid_001',5,'2026-01-08 07:49:40.955 +00:00','2026-01-08 07:49:40.955 +00:00');
INSERT INTO Booking VALUES(10,'2026-12-02',23,'11:30',27,'13:30',6,'赵嫕','内部',140.0,'booked','mock_openid_001',1,'2026-01-08 07:52:13.373 +00:00','2026-01-08 07:52:13.373 +00:00');
INSERT INTO Booking VALUES(11,'2026-12-02',32,'16:00',36,'18:00',10,'陈蕾','内部',140.0,'booked','mock_openid_001',2,'2026-01-08 07:53:31.394 +00:00','2026-01-08 07:53:31.394 +00:00');
INSERT INTO Booking VALUES(12,'2026-12-02',40,'20:00',42,'21:00',14,'周秀宇','内部',70.0,'booked','mock_openid_001',2,'2026-01-08 07:54:12.971 +00:00','2026-01-08 07:54:12.971 +00:00');
INSERT INTO Booking VALUES(13,'2026-12-02',34,'17:00',36,'18:00',14,'周秀宇','内部',70.0,'booked','mock_openid_001',3,'2026-01-08 07:54:53.469 +00:00','2026-01-08 07:54:53.469 +00:00');
INSERT INTO Booking VALUES(14,'2026-12-02',36,'18:00',38,'19:00',13,'冯吉星','内部',50.0,'booked','mock_openid_001',3,'2026-01-08 07:55:27.562 +00:00','2026-01-08 07:55:27.562 +00:00');
INSERT INTO Booking VALUES(15,'2026-12-02',40,'20:00',42,'21:00',39,'冯吉星','外部',50.0,'booked','mock_openid_001',3,'2026-01-08 07:56:02.214 +00:00','2026-01-08 07:56:02.214 +00:00');
INSERT INTO Booking VALUES(16,'2026-12-02',38,'19:00',40,'20:00',14,'周秀宇','内部',120.0,'booked','mock_openid_001',4,'2026-01-08 07:57:37.689 +00:00','2026-01-08 07:57:37.689 +00:00');
INSERT INTO Booking VALUES(17,'2026-12-03',22,'11:00',24,'12:00',18,'杨飞','内部',70.0,'booked','mock_openid_001',2,'2026-01-08 07:58:59.261 +00:00','2026-01-08 07:58:59.261 +00:00');
INSERT INTO Booking VALUES(18,'2026-12-03',30,'15:00',36,'18:00',10,'陈蕾','内部',210.0,'booked','mock_openid_001',2,'2026-01-08 07:59:45.621 +00:00','2026-01-08 07:59:45.621 +00:00');
INSERT INTO Booking VALUES(19,'2026-12-03',22,'11:00',24,'12:00',33,'方跃璇','合作-漫漫',80.0,'booked','mock_openid_001',3,'2026-01-08 08:00:24.677 +00:00','2026-01-08 08:00:24.677 +00:00');
INSERT INTO Booking VALUES(20,'2026-12-03',24,'12:00',27,'13:30',25,'金超轶','外部',90.0,'booked','mock_openid_001',3,'2026-01-08 08:01:17.560 +00:00','2026-01-08 08:01:17.560 +00:00');
INSERT INTO Booking VALUES(21,'2026-12-03',35,'17:30',37,'18:30',39,'冯吉星','外部',50.0,'booked','mock_openid_001',3,'2026-01-08 08:01:53.499 +00:00','2026-01-08 08:01:53.499 +00:00');
INSERT INTO Booking VALUES(22,'2026-12-03',36,'18:00',40,'20:00',3,'张劼','内部',140.0,'booked','mock_openid_001',5,'2026-01-08 08:02:39.348 +00:00','2026-01-08 08:02:39.348 +00:00');
INSERT INTO Booking VALUES(23,'2026-12-04',23,'11:30',25,'12:30',20,'悦悦','外部',0.0,'booked','mock_openid_001',1,'2026-01-08 08:04:33.608 +00:00','2026-01-08 08:04:33.608 +00:00');
INSERT INTO Booking VALUES(24,'2026-12-04',18,'09:00',20,'10:00',26,'马梦捷','外部',90.0,'booked','mock_openid_001',2,'2026-01-08 08:05:31.528 +00:00','2026-01-08 08:05:31.528 +00:00');
INSERT INTO Booking VALUES(25,'2026-12-04',24,'12:00',26,'13:00',5,'仝静','内部',70.0,'booked','mock_openid_001',2,'2026-01-08 08:06:17.098 +00:00','2026-01-08 08:06:17.098 +00:00');
INSERT INTO Booking VALUES(26,'2026-12-04',26,'13:00',28,'14:00',26,'马梦捷','外部',90.0,'booked','mock_openid_001',2,'2026-01-08 08:07:05.496 +00:00','2026-01-08 08:07:05.496 +00:00');
INSERT INTO Booking VALUES(27,'2026-12-04',28,'14:00',30,'15:00',12,'宫海蓉','内部',70.0,'booked','mock_openid_001',2,'2026-01-08 08:07:32.197 +00:00','2026-01-08 08:07:32.197 +00:00');
INSERT INTO Booking VALUES(28,'2026-12-04',30,'15:00',32,'16:00',2,'印梅','内部',70.0,'booked','mock_openid_001',2,'2026-01-08 08:08:01.054 +00:00','2026-01-08 08:08:01.054 +00:00');
INSERT INTO Booking VALUES(29,'2026-12-04',33,'16:30',35,'17:30',9,'丽华','内部',70.0,'booked','mock_openid_001',2,'2026-01-08 08:08:33.696 +00:00','2026-01-08 08:08:33.696 +00:00');
INSERT INTO Booking VALUES(30,'2026-12-04',36,'18:00',40,'20:00',9,'丽华','内部',140.0,'booked','mock_openid_001',2,'2026-01-08 08:09:07.478 +00:00','2026-01-08 08:09:07.478 +00:00');
INSERT INTO Booking VALUES(31,'2026-12-04',20,'10:00',24,'12:00',11,'杨静','内部',140.0,'booked','mock_openid_001',3,'2026-01-08 08:09:44.396 +00:00','2026-01-08 08:09:44.396 +00:00');
INSERT INTO Booking VALUES(32,'2026-12-04',24,'12:00',26,'13:00',9,'丽华','内部',70.0,'booked','mock_openid_001',3,'2026-01-08 08:10:37.291 +00:00','2026-01-08 08:10:37.291 +00:00');
INSERT INTO Booking VALUES(33,'2026-12-04',29,'14:30',31,'15:30',36,'许媜','外部',90.0,'booked','mock_openid_001',3,'2026-01-08 08:11:02.489 +00:00','2026-01-08 08:11:02.489 +00:00');
INSERT INTO Booking VALUES(34,'2026-12-04',31,'15:30',33,'16:30',9,'丽华','内部',70.0,'booked','mock_openid_001',3,'2026-01-08 08:11:35.178 +00:00','2026-01-08 08:11:35.178 +00:00');
INSERT INTO Booking VALUES(35,'2026-12-04',36,'18:00',38,'19:00',2,'印梅','内部',70.0,'booked','mock_openid_001',3,'2026-01-08 08:12:12.702 +00:00','2026-01-08 08:12:12.702 +00:00');
INSERT INTO Booking VALUES(36,'2026-12-04',38,'19:00',40,'20:00',39,'冯吉星','外部',50.0,'booked','mock_openid_001',3,'2026-01-08 08:12:52.145 +00:00','2026-01-08 08:12:52.145 +00:00');
INSERT INTO Booking VALUES(37,'2026-12-04',40,'20:00',42,'21:00',2,'印梅','内部',70.0,'booked','mock_openid_001',3,'2026-01-08 08:13:16.804 +00:00','2026-01-08 08:13:16.804 +00:00');
INSERT INTO Booking VALUES(38,'2026-12-04',30,'15:00',32,'16:00',6,'赵嫕','内部',120.0,'booked','mock_openid_001',4,'2026-01-08 08:13:57.193 +00:00','2026-01-08 08:13:57.193 +00:00');
INSERT INTO Booking VALUES(39,'2026-12-04',26,'13:00',44,'22:00',38,'笑凡','外部',0.0,'booked','mock_openid_001',5,'2026-01-08 08:14:35.515 +00:00','2026-01-08 08:14:35.515 +00:00');
INSERT INTO Booking VALUES(40,'2025-12-05',28,'14:00',30,'15:00',6,'赵嫕','内部',70.0,'booked','mock_openid_001',1,'2026-01-08 08:20:48.911 +00:00','2026-01-08 08:20:48.911 +00:00');
INSERT INTO Booking VALUES(41,'2025-12-05',34,'17:00',36,'18:00',24,'雪雪','合作-漫漫',80.0,'booked','mock_openid_001',1,'2026-01-08 08:21:15.620 +00:00','2026-01-08 08:21:15.620 +00:00');
INSERT INTO Booking VALUES(42,'2025-12-05',20,'10:00',22,'11:00',8,'周立红','内部',70.0,'booked','mock_openid_001',2,'2026-01-08 08:22:00.166 +00:00','2026-01-08 08:22:00.166 +00:00');
INSERT INTO Booking VALUES(45,'2025-12-05',30,'15:00',34,'17:00',6,'赵嫕','内部',140.0,'booked','mock_openid_001',2,'2026-01-08 08:24:58.159 +00:00','2026-01-08 08:24:58.159 +00:00');
INSERT INTO Booking VALUES(46,'2025-12-05',35,'17:30',37,'18:30',6,'赵嫕','内部',70.0,'booked','mock_openid_001',2,'2026-01-08 08:25:20.482 +00:00','2026-01-08 08:25:20.482 +00:00');
INSERT INTO Booking VALUES(47,'2025-12-05',34,'17:00',36,'18:00',2,'印梅','内部',70.0,'booked','mock_openid_001',3,'2026-01-08 08:25:46.658 +00:00','2026-01-08 08:25:46.658 +00:00');
INSERT INTO Booking VALUES(48,'2025-12-05',36,'18:00',38,'19:00',15,'符瑶','内部',70.0,'booked','mock_openid_001',3,'2026-01-08 08:26:47.616 +00:00','2026-01-08 08:26:47.616 +00:00');
INSERT INTO Booking VALUES(49,'2025-12-05',38,'19:00',40,'20:00',5,'仝静','内部',70.0,'booked','mock_openid_001',3,'2026-01-08 08:27:15.590 +00:00','2026-01-08 08:27:15.590 +00:00');
INSERT INTO Booking VALUES(50,'2025-12-05',40,'20:00',42,'21:00',39,'冯吉星','外部',50.0,'booked','mock_openid_001',3,'2026-01-08 08:27:38.682 +00:00','2026-01-08 08:27:38.682 +00:00');
INSERT INTO Booking VALUES(51,'2025-12-06',22,'11:00',24,'12:00',3,'张劼','内部',70.0,'booked','mock_openid_001',1,'2026-01-08 08:28:30.016 +00:00','2026-01-08 08:28:30.016 +00:00');
INSERT INTO Booking VALUES(52,'2025-12-06',24,'12:00',26,'13:00',17,'徐明燕','内部',70.0,'booked','mock_openid_001',1,'2026-01-08 08:29:09.636 +00:00','2026-01-08 08:29:09.636 +00:00');
INSERT INTO Booking VALUES(53,'2025-12-06',26,'13:00',28,'14:00',1,'潘若思','内部',70.0,'booked','mock_openid_001',1,'2026-01-08 08:29:40.619 +00:00','2026-01-08 08:29:40.619 +00:00');
INSERT INTO Booking VALUES(54,'2025-12-06',28,'14:00',30,'15:00',36,'许媜','外部',90.0,'booked','mock_openid_001',1,'2026-01-08 08:31:50.301 +00:00','2026-01-08 08:31:50.301 +00:00');
INSERT INTO Booking VALUES(55,'2025-12-06',33,'16:30',35,'17:30',7,'大文','内部',70.0,'booked','mock_openid_001',1,'2026-01-08 08:32:17.466 +00:00','2026-01-08 08:32:17.466 +00:00');
INSERT INTO Booking VALUES(56,'2025-12-06',17,'08:30',20,'10:00',9,'丽华','内部',70.0,'booked','mock_openid_001',2,'2026-01-08 08:32:57.785 +00:00','2026-01-08 08:32:57.785 +00:00');
INSERT INTO Booking VALUES(57,'2025-12-06',22,'11:00',24,'12:00',8,'周立红','内部',70.0,'booked','mock_openid_001',2,'2026-01-08 08:33:38.212 +00:00','2026-01-08 08:33:38.212 +00:00');
INSERT INTO Booking VALUES(58,'2025-12-06',24,'12:00',28,'14:00',2,'印梅','内部',140.0,'booked','mock_openid_001',2,'2026-01-08 08:34:03.503 +00:00','2026-01-08 08:34:03.503 +00:00');
INSERT INTO Booking VALUES(59,'2025-12-06',28,'14:00',30,'15:00',1,'潘若思','内部',70.0,'booked','mock_openid_001',2,'2026-01-08 08:34:33.532 +00:00','2026-01-08 08:34:33.532 +00:00');
INSERT INTO Booking VALUES(60,'2025-12-06',30,'15:00',32,'16:00',26,'马梦捷','外部',90.0,'booked','mock_openid_001',2,'2026-01-08 08:34:57.879 +00:00','2026-01-08 08:34:57.879 +00:00');
INSERT INTO Booking VALUES(61,'2025-12-06',32,'16:00',36,'18:00',1,'潘若思','内部',140.0,'booked','mock_openid_001',2,'2026-01-08 08:35:21.006 +00:00','2026-01-08 08:35:21.006 +00:00');
INSERT INTO Booking VALUES(62,'2025-12-06',20,'10:00',22,'11:00',9,'丽华','内部',70.0,'booked','mock_openid_001',3,'2026-01-08 08:36:02.080 +00:00','2026-01-08 08:36:02.080 +00:00');
INSERT INTO Booking VALUES(63,'2025-12-06',22,'11:00',24,'12:00',15,'符瑶','内部',70.0,'booked','mock_openid_001',3,'2026-01-08 08:36:36.944 +00:00','2026-01-08 08:36:36.944 +00:00');
INSERT INTO Booking VALUES(64,'2025-12-06',25,'12:30',35,'17:30',9,'丽华','内部',350.0,'booked','mock_openid_001',3,'2026-01-08 08:37:20.298 +00:00','2026-01-08 08:37:20.298 +00:00');
INSERT INTO Booking VALUES(65,'2025-12-06',39,'19:30',42,'21:00',8,'周立红','内部',70.0,'booked','mock_openid_001',3,'2026-01-08 08:37:46.273 +00:00','2026-01-08 08:37:46.273 +00:00');
INSERT INTO Booking VALUES(66,'2025-12-06',22,'11:00',24,'12:00',9,'丽华','内部',120.0,'booked','mock_openid_001',4,'2026-01-08 08:38:16.264 +00:00','2026-01-08 08:38:16.264 +00:00');
INSERT INTO Booking VALUES(67,'2025-12-06',28,'14:00',30,'15:00',5,'仝静','内部',120.0,'booked','mock_openid_001',4,'2026-01-08 08:38:45.956 +00:00','2026-01-08 08:38:45.956 +00:00');
INSERT INTO Booking VALUES(68,'2025-12-06',33,'16:30',35,'17:30',5,'仝静','内部',120.0,'booked','mock_openid_001',4,'2026-01-08 08:39:14.576 +00:00','2026-01-08 08:39:14.576 +00:00');
INSERT INTO Booking VALUES(69,'2025-12-06',36,'18:00',40,'20:00',7,'大文','内部',240.0,'booked','mock_openid_001',4,'2026-01-08 08:39:37.033 +00:00','2026-01-08 08:39:37.033 +00:00');
INSERT INTO Booking VALUES(70,'2025-12-06',18,'09:00',22,'11:00',38,'笑凡','外部',0.0,'booked','mock_openid_001',5,'2026-01-08 08:40:10.570 +00:00','2026-01-08 08:40:10.570 +00:00');
INSERT INTO Booking VALUES(71,'2025-12-06',22,'11:00',24,'12:00',2,'印梅','内部',70.0,'booked','mock_openid_001',5,'2026-01-08 08:40:56.706 +00:00','2026-01-08 08:40:56.706 +00:00');
INSERT INTO Booking VALUES(72,'2025-12-06',28,'14:00',30,'15:00',2,'印梅','内部',70.0,'booked','mock_openid_001',5,'2026-01-08 08:41:12.851 +00:00','2026-01-08 08:41:12.851 +00:00');
INSERT INTO Booking VALUES(73,'2025-12-06',30,'15:00',44,'22:00',38,'笑凡','外部',0.0,'booked','mock_openid_001',5,'2026-01-08 08:41:42.848 +00:00','2026-01-08 08:41:42.848 +00:00');
INSERT INTO Booking VALUES(74,'2025-12-07',21,'10:30',23,'11:30',6,'赵嫕','内部',70.0,'booked','mock_openid_001',1,'2026-01-08 17:15:09.869 +00:00','2026-01-08 17:15:09.869 +00:00');
INSERT INTO Booking VALUES(75,'2025-12-07',24,'12:00',26,'13:00',6,'赵嫕','内部',70.0,'booked','mock_openid_001',1,'2026-01-08 17:15:21.544 +00:00','2026-01-08 17:15:21.544 +00:00');
INSERT INTO Booking VALUES(76,'2025-12-07',26,'13:00',28,'14:00',6,'赵嫕','内部',70.0,'booked','mock_openid_001',1,'2026-01-08 17:15:36.881 +00:00','2026-01-08 17:15:36.881 +00:00');
INSERT INTO Booking VALUES(77,'2025-12-07',28,'14:00',30,'15:00',1,'潘若思','内部',70.0,'booked','mock_openid_001',1,'2026-01-08 17:16:05.416 +00:00','2026-01-08 17:16:05.416 +00:00');
INSERT INTO Booking VALUES(78,'2025-12-07',22,'11:00',24,'12:00',10,'陈蕾','内部',70.0,'booked','mock_openid_001',2,'2026-01-08 17:16:56.244 +00:00','2026-01-08 17:16:56.244 +00:00');
INSERT INTO Booking VALUES(79,'2025-12-07',24,'12:00',26,'13:00',2,'印梅','内部',70.0,'booked','mock_openid_001',2,'2026-01-08 17:17:12.630 +00:00','2026-01-08 17:17:12.630 +00:00');
INSERT INTO Booking VALUES(80,'2025-12-07',26,'13:00',34,'17:00',10,'陈蕾','内部',280.0,'booked','mock_openid_001',2,'2026-01-08 17:17:48.680 +00:00','2026-01-08 17:17:48.680 +00:00');
INSERT INTO Booking VALUES(81,'2025-12-07',35,'17:30',39,'19:30',10,'陈蕾','内部',140.0,'booked','mock_openid_001',2,'2026-01-08 17:18:13.902 +00:00','2026-01-08 17:18:13.902 +00:00');
INSERT INTO Booking VALUES(82,'2025-12-07',39,'19:30',41,'20:30',32,'叶闻','合作-漫漫',80.0,'booked','mock_openid_001',2,'2026-01-08 17:18:35.568 +00:00','2026-01-08 17:18:35.568 +00:00');
INSERT INTO Booking VALUES(83,'2025-12-07',20,'10:00',22,'11:00',32,'叶闻','合作-漫漫',80.0,'booked','mock_openid_001',3,'2026-01-08 17:18:58.858 +00:00','2026-01-08 17:18:58.858 +00:00');
INSERT INTO Booking VALUES(84,'2025-12-07',22,'11:00',24,'12:00',2,'印梅','内部',70.0,'booked','mock_openid_001',3,'2026-01-08 17:19:21.924 +00:00','2026-01-08 17:19:21.924 +00:00');
INSERT INTO Booking VALUES(85,'2025-12-07',26,'13:00',28,'14:00',1,'潘若思','内部',70.0,'booked','mock_openid_001',3,'2026-01-08 17:19:43.508 +00:00','2026-01-08 17:19:43.508 +00:00');
INSERT INTO Booking VALUES(86,'2025-12-07',28,'14:00',34,'17:00',2,'印梅','内部',210.0,'booked','mock_openid_001',3,'2026-01-08 17:20:32.317 +00:00','2026-01-08 17:20:32.317 +00:00');
INSERT INTO Booking VALUES(87,'2025-12-07',37,'18:30',39,'19:30',33,'方跃璇','合作-漫漫',80.0,'booked','mock_openid_001',3,'2026-01-08 17:20:50.683 +00:00','2026-01-08 17:20:50.683 +00:00');
INSERT INTO Booking VALUES(88,'2025-12-07',20,'10:00',22,'11:00',7,'大文','内部',120.0,'booked','mock_openid_001',4,'2026-01-08 17:21:20.569 +00:00','2026-01-08 17:21:20.569 +00:00');
INSERT INTO Booking VALUES(89,'2025-12-07',26,'13:00',28,'14:00',2,'印梅','内部',120.0,'booked','mock_openid_001',4,'2026-01-08 17:22:01.621 +00:00','2026-01-08 17:22:01.621 +00:00');
INSERT INTO Booking VALUES(90,'2025-12-07',30,'15:00',32,'16:00',7,'大文','内部',120.0,'booked','mock_openid_001',4,'2026-01-08 17:22:16.457 +00:00','2026-01-08 17:22:16.457 +00:00');
INSERT INTO Booking VALUES(91,'2025-12-07',20,'10:00',22,'11:00',2,'印梅','内部',70.0,'booked','mock_openid_001',5,'2026-01-08 17:23:03.105 +00:00','2026-01-08 17:23:03.105 +00:00');
INSERT INTO Booking VALUES(92,'2025-12-07',22,'11:00',24,'12:00',7,'大文','内部',70.0,'booked','mock_openid_001',5,'2026-01-08 17:23:21.434 +00:00','2026-01-08 17:23:21.434 +00:00');
INSERT INTO Booking VALUES(93,'2025-12-07',24,'12:00',34,'17:00',3,'张劼','内部',350.0,'booked','mock_openid_001',5,'2026-01-08 17:24:04.725 +00:00','2026-01-08 17:24:04.725 +00:00');
INSERT INTO Booking VALUES(94,'2025-12-08',32,'16:00',34,'17:00',6,'赵嫕','内部',70.0,'booked','mock_openid_001',1,'2026-01-08 17:25:28.480 +00:00','2026-01-08 17:25:28.480 +00:00');
INSERT INTO Booking VALUES(95,'2025-12-08',32,'16:00',34,'17:00',39,'冯吉星','外部',50.0,'booked','mock_openid_001',2,'2026-01-08 17:25:58.785 +00:00','2026-01-08 17:25:58.785 +00:00');
INSERT INTO Booking VALUES(96,'2025-12-08',36,'18:00',38,'19:00',4,'闫萍','内部',70.0,'booked','mock_openid_001',2,'2026-01-08 17:26:35.817 +00:00','2026-01-08 17:26:35.817 +00:00');
INSERT INTO Booking VALUES(97,'2025-12-08',38,'19:00',40,'20:00',1,'潘若思','内部',70.0,'booked','mock_openid_001',2,'2026-01-08 17:26:50.313 +00:00','2026-01-08 17:26:50.313 +00:00');
INSERT INTO Booking VALUES(98,'2025-12-08',22,'11:00',24,'12:00',11,'杨静','内部',70.0,'booked','mock_openid_001',3,'2026-01-08 17:27:14.838 +00:00','2026-01-08 17:27:14.838 +00:00');
INSERT INTO Booking VALUES(99,'2025-12-08',38,'19:00',42,'21:00',4,'闫萍','内部',140.0,'booked','mock_openid_001',3,'2026-01-08 17:27:57.536 +00:00','2026-01-08 17:27:57.536 +00:00');
INSERT INTO Booking VALUES(100,'2025-12-08',34,'17:00',36,'18:00',6,'赵嫕','内部',120.0,'booked','mock_openid_001',4,'2026-01-08 17:28:21.874 +00:00','2026-01-08 17:28:21.874 +00:00');
INSERT INTO Booking VALUES(101,'2025-12-08',39,'19:30',41,'20:30',5,'仝静','内部',120.0,'booked','mock_openid_001',4,'2026-01-08 17:28:35.378 +00:00','2026-01-08 17:28:35.378 +00:00');
INSERT INTO Booking VALUES(102,'2025-12-08',26,'13:00',44,'22:00',38,'笑凡','外部',0.0,'booked','mock_openid_001',5,'2026-01-08 17:29:13.371 +00:00','2026-01-08 17:29:13.371 +00:00');
INSERT INTO Booking VALUES(103,'2025-12-09',40,'20:00',42,'21:00',25,'金超轶','外部',90.0,'booked','mock_openid_001',1,'2026-01-08 17:32:29.882 +00:00','2026-01-08 17:32:29.882 +00:00');
INSERT INTO Booking VALUES(104,'2025-12-09',28,'14:00',30,'15:00',27,'王芳培','外部',90.0,'booked','mock_openid_001',2,'2026-01-08 17:34:42.599 +00:00','2026-01-08 17:34:42.599 +00:00');
INSERT INTO Booking VALUES(105,'2025-12-09',34,'17:00',38,'19:00',10,'陈蕾','内部',140.0,'booked','mock_openid_001',2,'2026-01-08 17:35:14.541 +00:00','2026-01-08 17:35:14.541 +00:00');
INSERT INTO Booking VALUES(106,'2025-12-09',40,'20:00',42,'21:00',14,'周秀宇','内部',70.0,'booked','mock_openid_001',2,'2026-01-08 17:35:30.413 +00:00','2026-01-08 17:35:30.413 +00:00');
INSERT INTO Booking VALUES(107,'2025-12-09',24,'12:00',26,'13:00',13,'冯吉星','内部',50.0,'booked','mock_openid_001',3,'2026-01-08 17:36:40.666 +00:00','2026-01-08 17:36:40.666 +00:00');
INSERT INTO Booking VALUES(108,'2025-12-09',28,'14:00',30,'15:00',8,'周立红','内部',70.0,'booked','mock_openid_001',3,'2026-01-08 17:37:17.803 +00:00','2026-01-08 17:37:17.803 +00:00');
INSERT INTO Booking VALUES(109,'2025-12-09',32,'16:00',34,'17:00',39,'冯吉星','外部',50.0,'booked','mock_openid_001',3,'2026-01-08 17:37:41.717 +00:00','2026-01-08 17:37:41.717 +00:00');
INSERT INTO Booking VALUES(110,'2025-12-09',34,'17:00',36,'18:00',14,'周秀宇','内部',70.0,'booked','mock_openid_001',3,'2026-01-08 17:38:11.563 +00:00','2026-01-08 17:38:11.563 +00:00');
INSERT INTO Booking VALUES(111,'2025-12-09',38,'19:00',42,'21:00',39,'冯吉星','外部',100.0,'booked','mock_openid_001',3,'2026-01-08 17:38:42.438 +00:00','2026-01-08 17:38:42.438 +00:00');
INSERT INTO Booking VALUES(112,'2025-12-09',38,'19:00',40,'20:00',14,'周秀宇','内部',120.0,'booked','mock_openid_001',4,'2026-01-08 17:39:08.017 +00:00','2026-01-08 17:39:08.017 +00:00');
INSERT INTO Booking VALUES(113,'2025-12-10',19,'09:30',21,'10:30',25,'金超轶','外部',90.0,'booked','mock_openid_001',2,'2026-01-08 17:41:17.496 +00:00','2026-01-08 17:41:17.496 +00:00');
INSERT INTO Booking VALUES(114,'2025-12-10',30,'15:00',38,'19:00',10,'陈蕾','内部',280.0,'booked','mock_openid_001',2,'2026-01-08 17:41:46.163 +00:00','2026-01-08 17:41:46.163 +00:00');
INSERT INTO Booking VALUES(115,'2025-12-10',40,'20:00',42,'21:00',39,'冯吉星','外部',50.0,'booked','mock_openid_001',3,'2026-01-08 17:42:21.612 +00:00','2026-01-08 17:42:21.612 +00:00');
INSERT INTO Booking VALUES(116,'2025-12-10',36,'18:00',40,'20:00',3,'张劼','内部',140.0,'booked','mock_openid_001',5,'2026-01-08 17:42:47.797 +00:00','2026-01-08 17:42:47.797 +00:00');
INSERT INTO Booking VALUES(117,'2025-12-11',23,'11:30',25,'12:30',20,'悦悦','外部',90.0,'booked','mock_openid_001',1,'2026-01-08 17:43:26.786 +00:00','2026-01-08 17:43:26.786 +00:00');
INSERT INTO Booking VALUES(118,'2025-12-11',18,'09:00',20,'10:00',26,'马梦捷','外部',90.0,'booked','mock_openid_001',2,'2026-01-08 17:43:55.370 +00:00','2026-01-08 17:43:55.370 +00:00');
INSERT INTO Booking VALUES(119,'2025-12-11',24,'12:00',26,'13:00',5,'仝静','内部',70.0,'booked','mock_openid_001',2,'2026-01-08 17:44:33.324 +00:00','2026-01-08 17:44:33.324 +00:00');
INSERT INTO Booking VALUES(120,'2025-12-11',26,'13:00',28,'14:00',26,'马梦捷','外部',90.0,'booked','mock_openid_001',2,'2026-01-08 17:45:00.815 +00:00','2026-01-08 17:45:00.815 +00:00');
INSERT INTO Booking VALUES(121,'2025-12-11',28,'14:00',30,'15:00',12,'宫海蓉','内部',70.0,'booked','mock_openid_001',2,'2026-01-08 17:45:19.649 +00:00','2026-01-08 17:45:19.649 +00:00');
INSERT INTO Booking VALUES(122,'2025-12-11',33,'16:30',35,'17:30',9,'丽华','内部',70.0,'booked','mock_openid_001',2,'2026-01-08 17:45:43.286 +00:00','2026-01-08 17:45:43.286 +00:00');
INSERT INTO Booking VALUES(123,'2025-12-11',36,'18:00',40,'20:00',9,'丽华','内部',140.0,'booked','mock_openid_001',2,'2026-01-08 17:46:06.228 +00:00','2026-01-08 17:46:06.228 +00:00');
INSERT INTO Booking VALUES(124,'2025-12-11',22,'11:00',24,'12:00',11,'杨静','内部',70.0,'booked','mock_openid_001',3,'2026-01-08 17:47:54.360 +00:00','2026-01-08 17:47:54.360 +00:00');
INSERT INTO Booking VALUES(125,'2025-12-11',24,'12:00',26,'13:00',9,'丽华','内部',70.0,'booked','mock_openid_001',3,'2026-01-08 17:48:20.940 +00:00','2026-01-08 17:48:20.940 +00:00');
INSERT INTO Booking VALUES(126,'2025-12-11',31,'15:30',33,'16:30',9,'丽华','内部',70.0,'booked','mock_openid_001',3,'2026-01-08 17:48:36.692 +00:00','2026-01-08 17:48:36.692 +00:00');
INSERT INTO Booking VALUES(127,'2025-12-11',38,'19:00',42,'21:00',2,'印梅','内部',140.0,'booked','mock_openid_001',3,'2026-01-08 17:49:02.565 +00:00','2026-01-08 17:49:02.565 +00:00');
INSERT INTO Booking VALUES(128,'2025-12-11',38,'19:00',42,'21:00',39,'冯吉星','外部',100.0,'booked','mock_openid_001',4,'2026-01-08 17:49:26.716 +00:00','2026-01-08 17:49:26.716 +00:00');
INSERT INTO Booking VALUES(129,'2025-12-11',26,'13:00',44,'22:00',38,'笑凡','外部',0.0,'booked','mock_openid_001',5,'2026-01-08 17:49:47.321 +00:00','2026-01-08 17:49:47.321 +00:00');
INSERT INTO Booking VALUES(130,'2025-12-12',32,'16:00',34,'17:00',6,'赵嫕','内部',70.0,'booked','mock_openid_001',1,'2026-01-08 17:51:03.411 +00:00','2026-01-08 17:51:03.411 +00:00');
INSERT INTO Booking VALUES(131,'2025-12-12',34,'17:00',36,'18:00',24,'雪雪','合作-漫漫',80.0,'booked','mock_openid_001',1,'2026-01-08 17:51:24.190 +00:00','2026-01-08 17:51:24.190 +00:00');
INSERT INTO Booking VALUES(132,'2025-12-12',28,'14:00',32,'16:00',6,'赵嫕','内部',140.0,'booked','mock_openid_001',2,'2026-01-08 17:52:05.107 +00:00','2026-01-08 17:52:05.107 +00:00');
INSERT INTO Booking VALUES(133,'2025-12-12',35,'17:30',37,'18:30',6,'赵嫕','内部',70.0,'booked','mock_openid_001',2,'2026-01-08 17:52:47.436 +00:00','2026-01-08 17:52:47.436 +00:00');
INSERT INTO Booking VALUES(134,'2025-12-12',40,'20:00',42,'21:00',4,'闫萍','内部',70.0,'booked','mock_openid_001',2,'2026-01-08 17:53:20.415 +00:00','2026-01-08 17:53:20.415 +00:00');
INSERT INTO Booking VALUES(135,'2025-12-12',34,'17:00',36,'18:00',2,'印梅','内部',70.0,'booked','mock_openid_001',3,'2026-01-08 17:53:44.576 +00:00','2026-01-08 17:53:44.576 +00:00');
INSERT INTO Booking VALUES(136,'2025-12-12',36,'18:00',38,'19:00',15,'符瑶','内部',70.0,'booked','mock_openid_001',3,'2026-01-08 17:54:10.190 +00:00','2026-01-08 17:54:10.190 +00:00');
INSERT INTO Booking VALUES(137,'2025-12-12',38,'19:00',40,'20:00',5,'仝静','内部',70.0,'booked','mock_openid_001',3,'2026-01-08 17:54:25.443 +00:00','2026-01-08 17:54:25.443 +00:00');
INSERT INTO Booking VALUES(138,'2025-12-13',22,'11:00',24,'12:00',3,'张劼','内部',70.0,'booked','mock_openid_001',1,'2026-01-08 17:56:06.808 +00:00','2026-01-08 17:56:06.808 +00:00');
INSERT INTO Booking VALUES(139,'2025-12-13',24,'12:00',26,'13:00',34,'墨提斯','合作-墨提斯',80.0,'booked','mock_openid_001',1,'2026-01-08 17:59:03.873 +00:00','2026-01-08 17:59:03.873 +00:00');
INSERT INTO Booking VALUES(140,'2025-12-13',30,'15:00',32,'16:00',1,'潘若思','内部',70.0,'booked','mock_openid_001',1,'2026-01-08 18:00:08.477 +00:00','2026-01-08 18:00:08.477 +00:00');
INSERT INTO Booking VALUES(141,'2025-12-13',32,'16:00',34,'17:00',34,'墨提斯','合作-墨提斯',80.0,'booked','mock_openid_001',1,'2026-01-08 18:00:28.933 +00:00','2026-01-08 18:00:28.933 +00:00');
INSERT INTO Booking VALUES(142,'2025-12-13',34,'17:00',36,'18:00',7,'大文','内部',70.0,'booked','mock_openid_001',1,'2026-01-08 18:00:52.404 +00:00','2026-01-08 18:00:52.404 +00:00');
INSERT INTO Booking VALUES(143,'2025-12-13',17,'08:30',20,'10:00',9,'丽华','内部',70.0,'booked','mock_openid_001',2,'2026-01-08 18:01:43.386 +00:00','2026-01-08 18:01:43.386 +00:00');
INSERT INTO Booking VALUES(144,'2025-12-13',22,'11:00',24,'12:00',8,'周立红','内部',70.0,'booked','mock_openid_001',2,'2026-01-08 18:02:31.944 +00:00','2026-01-08 18:02:31.944 +00:00');
INSERT INTO Booking VALUES(145,'2025-12-13',26,'13:00',30,'15:00',1,'潘若思','内部',140.0,'booked','mock_openid_001',2,'2026-01-08 18:03:29.902 +00:00','2026-01-08 18:03:29.902 +00:00');
INSERT INTO Booking VALUES(146,'2025-12-13',30,'15:00',32,'16:00',26,'马梦捷','外部',90.0,'booked','mock_openid_001',2,'2026-01-08 18:03:57.955 +00:00','2026-01-08 18:03:57.955 +00:00');
INSERT INTO Booking VALUES(147,'2025-12-13',32,'16:00',36,'18:00',1,'潘若思','内部',140.0,'booked','mock_openid_001',2,'2026-01-08 18:04:18.964 +00:00','2026-01-08 18:04:18.964 +00:00');
INSERT INTO Booking VALUES(148,'2025-12-13',36,'18:00',38,'19:00',39,'冯吉星','外部',50.0,'booked','mock_openid_001',2,'2026-01-08 18:04:42.394 +00:00','2026-01-08 18:04:42.394 +00:00');
INSERT INTO Booking VALUES(149,'2025-12-13',20,'10:00',22,'11:00',9,'丽华','内部',70.0,'booked','mock_openid_001',3,'2026-01-08 18:08:40.796 +00:00','2026-01-08 18:08:40.796 +00:00');
INSERT INTO Booking VALUES(150,'2025-12-13',22,'11:00',24,'12:00',15,'符瑶','内部',70.0,'booked','mock_openid_001',3,'2026-01-08 18:09:12.750 +00:00','2026-01-08 18:09:12.750 +00:00');
INSERT INTO Booking VALUES(151,'2025-12-13',25,'12:30',37,'18:30',9,'丽华','内部',420.0,'booked','mock_openid_001',3,'2026-01-08 18:10:17.627 +00:00','2026-01-08 18:10:17.627 +00:00');
INSERT INTO Booking VALUES(152,'2025-12-13',39,'19:30',42,'21:00',8,'周立红','内部',70.0,'booked','mock_openid_001',3,'2026-01-08 18:10:49.904 +00:00','2026-01-08 18:10:49.904 +00:00');
INSERT INTO Booking VALUES(153,'2025-12-13',22,'11:00',24,'12:00',9,'丽华','内部',120.0,'booked','mock_openid_001',4,'2026-01-08 18:11:18.903 +00:00','2026-01-08 18:11:18.903 +00:00');
INSERT INTO Booking VALUES(154,'2025-12-13',26,'13:00',30,'15:00',7,'大文','内部',240.0,'booked','mock_openid_001',4,'2026-01-08 18:11:45.930 +00:00','2026-01-08 18:11:45.930 +00:00');
INSERT INTO Booking VALUES(155,'2025-12-13',32,'16:00',36,'18:00',5,'仝静','内部',240.0,'booked','mock_openid_001',4,'2026-01-08 18:12:43.751 +00:00','2026-01-08 18:12:43.751 +00:00');
INSERT INTO Booking VALUES(156,'2025-12-13',36,'18:00',38,'19:00',7,'大文','内部',120.0,'booked','mock_openid_001',4,'2026-01-08 18:13:03.618 +00:00','2026-01-08 18:13:03.618 +00:00');
INSERT INTO Booking VALUES(157,'2025-12-13',18,'09:00',22,'11:00',38,'笑凡','外部',0.0,'booked','mock_openid_001',5,'2026-01-08 18:13:34.582 +00:00','2026-01-08 18:13:34.582 +00:00');
INSERT INTO Booking VALUES(158,'2025-12-13',22,'11:00',24,'12:00',2,'印梅','内部',70.0,'booked','mock_openid_001',5,'2026-01-08 18:13:52.056 +00:00','2026-01-08 18:13:52.056 +00:00');
INSERT INTO Booking VALUES(159,'2025-12-13',24,'12:00',26,'13:00',34,'墨提斯','合作-墨提斯',80.0,'booked','mock_openid_001',5,'2026-01-08 18:14:13.026 +00:00','2026-01-08 18:14:13.026 +00:00');
INSERT INTO Booking VALUES(160,'2025-12-13',28,'14:00',30,'15:00',2,'印梅','内部',70.0,'booked','mock_openid_001',5,'2026-01-08 18:14:29.390 +00:00','2026-01-08 18:14:29.390 +00:00');
INSERT INTO Booking VALUES(161,'2025-12-13',30,'15:00',44,'22:00',38,'笑凡','外部',0.0,'booked','mock_openid_001',5,'2026-01-08 18:14:54.239 +00:00','2026-01-08 18:14:54.239 +00:00');
INSERT INTO Booking VALUES(162,'2025-12-14',28,'14:00',32,'16:00',1,'潘若思','内部',140.0,'booked','mock_openid_001',1,'2026-01-08 18:15:57.738 +00:00','2026-01-08 18:15:57.738 +00:00');
INSERT INTO Booking VALUES(163,'2025-12-14',32,'16:00',34,'17:00',30,'许丽芳','外部',90.0,'booked','mock_openid_001',1,'2026-01-08 18:16:15.557 +00:00','2026-01-08 18:16:15.557 +00:00');
INSERT INTO Booking VALUES(164,'2025-12-14',24,'12:00',26,'13:00',1,'潘若思','内部',70.0,'booked','mock_openid_001',2,'2026-01-08 18:16:37.293 +00:00','2026-01-08 18:16:37.293 +00:00');
INSERT INTO Booking VALUES(165,'2025-12-14',26,'13:00',28,'14:00',34,'墨提斯','合作-墨提斯',80.0,'booked','mock_openid_001',2,'2026-01-08 18:16:53.296 +00:00','2026-01-08 18:16:53.296 +00:00');
INSERT INTO Booking VALUES(166,'2025-12-14',28,'14:00',36,'18:00',10,'陈蕾','内部',280.0,'booked','mock_openid_001',2,'2026-01-08 18:17:52.154 +00:00','2026-01-08 18:17:52.154 +00:00');
INSERT INTO Booking VALUES(167,'2025-12-14',37,'18:30',39,'19:30',10,'陈蕾','内部',70.0,'booked','mock_openid_001',2,'2026-01-08 18:18:32.118 +00:00','2026-01-08 18:18:32.118 +00:00');
INSERT INTO Booking VALUES(168,'2025-12-14',39,'19:30',41,'20:30',32,'叶闻','合作-漫漫',80.0,'booked','mock_openid_001',2,'2026-01-08 18:18:55.569 +00:00','2026-01-08 18:18:55.569 +00:00');
INSERT INTO Booking VALUES(169,'2025-12-14',24,'12:00',26,'13:00',28,'朱晓雨','外部',90.0,'booked','mock_openid_001',3,'2026-01-08 18:19:38.436 +00:00','2026-01-08 18:19:38.436 +00:00');
INSERT INTO Booking VALUES(170,'2025-12-14',26,'13:00',28,'14:00',1,'潘若思','内部',70.0,'booked','mock_openid_001',3,'2026-01-08 18:19:51.921 +00:00','2026-01-08 18:19:51.921 +00:00');
INSERT INTO Booking VALUES(171,'2025-12-14',30,'15:00',34,'17:00',2,'印梅','内部',140.0,'booked','mock_openid_001',3,'2026-01-08 18:20:17.599 +00:00','2026-01-08 18:20:17.599 +00:00');
INSERT INTO Booking VALUES(172,'2025-12-14',34,'17:00',36,'18:00',36,'许媜','外部',90.0,'booked','mock_openid_001',3,'2026-01-08 18:20:42.268 +00:00','2026-01-08 18:20:42.268 +00:00');
INSERT INTO Booking VALUES(173,'2025-12-14',37,'18:30',39,'19:30',33,'方跃璇','合作-漫漫',80.0,'booked','mock_openid_001',3,'2026-01-08 18:21:06.696 +00:00','2026-01-08 18:21:06.696 +00:00');
INSERT INTO Booking VALUES(174,'2025-12-14',20,'10:00',22,'11:00',7,'大文','内部',120.0,'booked','mock_openid_001',4,'2026-01-08 18:21:34.832 +00:00','2026-01-08 18:21:34.832 +00:00');
INSERT INTO Booking VALUES(175,'2025-12-14',22,'11:00',24,'12:00',1,'潘若思','内部',120.0,'booked','mock_openid_001',4,'2026-01-08 18:21:54.635 +00:00','2026-01-08 18:21:54.635 +00:00');
INSERT INTO Booking VALUES(176,'2025-12-14',26,'13:00',28,'14:00',2,'印梅','内部',120.0,'booked','mock_openid_001',4,'2026-01-08 18:22:07.815 +00:00','2026-01-08 18:22:07.815 +00:00');
INSERT INTO Booking VALUES(177,'2025-12-14',20,'10:00',22,'11:00',2,'印梅','内部',70.0,'booked','mock_openid_001',5,'2026-01-08 18:22:25.331 +00:00','2026-01-08 18:22:25.331 +00:00');
INSERT INTO Booking VALUES(178,'2025-12-14',24,'12:00',34,'17:00',3,'张劼','内部',350.0,'booked','mock_openid_001',5,'2026-01-08 18:22:53.175 +00:00','2026-01-08 18:22:53.175 +00:00');
INSERT INTO Booking VALUES(179,'2025-12-14',34,'17:00',42,'21:00',30,'许丽芳','外部',360.0,'booked','mock_openid_001',5,'2026-01-08 18:23:40.867 +00:00','2026-01-08 18:23:40.867 +00:00');
INSERT INTO Booking VALUES(180,'2025-12-15',41,'20:30',43,'21:30',5,'仝静','内部',70.0,'booked','mock_openid_001',1,'2026-01-08 18:24:18.959 +00:00','2026-01-08 18:24:18.959 +00:00');
INSERT INTO Booking VALUES(181,'2025-12-15',32,'16:00',34,'17:00',39,'冯吉星','外部',50.0,'booked','mock_openid_001',2,'2026-01-08 18:24:55.274 +00:00','2026-01-08 18:24:55.274 +00:00');
INSERT INTO Booking VALUES(182,'2025-12-15',22,'11:00',24,'12:00',11,'杨静','内部',70.0,'booked','mock_openid_001',3,'2026-01-08 18:25:31.419 +00:00','2026-01-08 18:25:31.419 +00:00');
INSERT INTO Booking VALUES(183,'2025-12-15',34,'17:00',36,'18:00',6,'赵嫕','内部',120.0,'booked','mock_openid_001',4,'2026-01-08 18:25:53.686 +00:00','2026-01-08 18:25:53.686 +00:00');
INSERT INTO Booking VALUES(184,'2025-12-15',39,'19:30',41,'20:30',5,'仝静','内部',120.0,'booked','mock_openid_001',4,'2026-01-08 18:26:09.266 +00:00','2026-01-08 18:26:09.266 +00:00');
INSERT INTO Booking VALUES(185,'2025-12-15',26,'13:00',44,'22:00',38,'笑凡','外部',0.0,'booked','mock_openid_001',5,'2026-01-08 18:26:31.883 +00:00','2026-01-08 18:26:31.883 +00:00');
INSERT INTO Booking VALUES(186,'2025-12-16',23,'11:30',25,'12:30',6,'赵嫕','内部',70.0,'booked','mock_openid_001',2,'2026-01-08 18:28:54.300 +00:00','2026-01-08 18:28:54.300 +00:00');
INSERT INTO Booking VALUES(187,'2025-12-16',28,'14:00',30,'15:00',27,'王芳培','外部',90.0,'booked','mock_openid_001',2,'2026-01-08 18:29:26.045 +00:00','2026-01-08 18:29:26.045 +00:00');
INSERT INTO Booking VALUES(188,'2025-12-16',38,'19:00',40,'20:00',14,'周秀宇','内部',70.0,'booked','mock_openid_001',2,'2026-01-08 18:29:56.152 +00:00','2026-01-08 18:29:56.152 +00:00');
INSERT INTO Booking VALUES(189,'2025-12-16',40,'20:00',42,'21:00',14,'周秀宇','内部',70.0,'booked','mock_openid_001',2,'2026-01-08 18:30:10.355 +00:00','2026-01-08 18:30:10.355 +00:00');
INSERT INTO Booking VALUES(190,'2025-12-16',24,'12:00',26,'13:00',34,'墨提斯','合作-墨提斯',80.0,'booked','mock_openid_001',3,'2026-01-08 18:32:25.251 +00:00','2026-01-08 18:32:25.251 +00:00');
INSERT INTO Booking VALUES(191,'2025-12-16',28,'14:00',30,'15:00',8,'周立红','内部',70.0,'booked','mock_openid_001',3,'2026-01-08 18:32:46.005 +00:00','2026-01-08 18:32:46.005 +00:00');
INSERT INTO Booking VALUES(192,'2025-12-16',38,'19:00',42,'21:00',39,'冯吉星','外部',100.0,'booked','mock_openid_001',3,'2026-01-08 18:33:17.290 +00:00','2026-01-08 18:33:17.290 +00:00');
INSERT INTO Booking VALUES(193,'2025-12-16',36,'18:00',38,'19:00',14,'周秀宇','内部',120.0,'booked','mock_openid_001',4,'2026-01-08 18:33:39.880 +00:00','2026-01-08 18:33:39.880 +00:00');
INSERT INTO Booking VALUES(194,'2025-12-17',19,'09:30',21,'10:30',25,'金超轶','外部',90.0,'booked','mock_openid_001',2,'2026-01-08 18:44:48.318 +00:00','2026-01-08 18:44:48.318 +00:00');
INSERT INTO Booking VALUES(195,'2025-12-17',22,'11:00',24,'12:00',18,'杨飞','内部',70.0,'booked','mock_openid_001',2,'2026-01-08 18:45:13.716 +00:00','2026-01-08 18:45:13.716 +00:00');
INSERT INTO Booking VALUES(196,'2025-12-17',30,'15:00',38,'19:00',10,'陈蕾','内部',280.0,'booked','mock_openid_001',2,'2026-01-08 18:45:44.953 +00:00','2026-01-08 18:45:44.953 +00:00');
INSERT INTO Booking VALUES(197,'2025-12-17',39,'19:30',41,'20:30',34,'墨提斯','合作-墨提斯',80.0,'booked','mock_openid_001',2,'2026-01-08 18:46:17.810 +00:00','2026-01-08 18:46:17.810 +00:00');
INSERT INTO Booking VALUES(198,'2025-12-17',22,'11:00',24,'12:00',11,'杨静','内部',70.0,'booked','mock_openid_001',3,'2026-01-08 18:46:58.466 +00:00','2026-01-08 18:46:58.466 +00:00');
INSERT INTO Booking VALUES(199,'2025-12-17',33,'16:30',35,'17:30',33,'方跃璇','合作-漫漫',80.0,'booked','mock_openid_001',3,'2026-01-08 18:47:48.437 +00:00','2026-01-08 18:47:48.437 +00:00');
INSERT INTO Booking VALUES(200,'2025-12-17',39,'19:30',41,'20:30',33,'方跃璇','合作-漫漫',80.0,'booked','mock_openid_001',3,'2026-01-08 18:48:01.954 +00:00','2026-01-08 18:48:01.954 +00:00');
INSERT INTO Booking VALUES(201,'2025-12-17',36,'18:00',40,'20:00',3,'张劼','内部',140.0,'booked','mock_openid_001',5,'2026-01-08 18:48:39.020 +00:00','2026-01-08 18:48:39.020 +00:00');
INSERT INTO Booking VALUES(202,'2025-12-18',23,'11:30',25,'12:30',20,'悦悦','外部',90.0,'booked','mock_openid_001',1,'2026-01-08 18:50:37.597 +00:00','2026-01-08 18:50:37.597 +00:00');
INSERT INTO Booking VALUES(203,'2025-12-18',18,'09:00',20,'10:00',26,'马梦捷','外部',90.0,'booked','mock_openid_001',2,'2026-01-08 18:51:04.324 +00:00','2026-01-08 18:51:04.324 +00:00');
INSERT INTO Booking VALUES(204,'2025-12-18',24,'12:00',26,'13:00',5,'仝静','内部',70.0,'booked','mock_openid_001',2,'2026-01-08 18:51:39.479 +00:00','2026-01-08 18:51:39.479 +00:00');
INSERT INTO Booking VALUES(205,'2025-12-18',26,'13:00',28,'14:00',26,'马梦捷','外部',90.0,'booked','mock_openid_001',2,'2026-01-08 18:52:01.775 +00:00','2026-01-08 18:52:01.775 +00:00');
INSERT INTO Booking VALUES(206,'2025-12-18',28,'14:00',30,'15:00',12,'宫海蓉','内部',70.0,'booked','mock_openid_001',2,'2026-01-08 18:52:19.391 +00:00','2026-01-08 18:52:19.391 +00:00');
INSERT INTO Booking VALUES(207,'2025-12-18',33,'16:30',35,'17:30',9,'丽华','内部',70.0,'booked','mock_openid_001',2,'2026-01-08 18:52:50.125 +00:00','2026-01-08 18:52:50.125 +00:00');
INSERT INTO Booking VALUES(208,'2025-12-18',36,'18:00',40,'20:00',9,'丽华','内部',140.0,'booked','mock_openid_001',2,'2026-01-08 18:53:06.857 +00:00','2026-01-08 18:53:06.857 +00:00');
INSERT INTO Booking VALUES(209,'2025-12-18',40,'20:00',42,'21:00',32,'叶闻','合作-漫漫',80.0,'booked','mock_openid_001',2,'2026-01-08 18:53:30.713 +00:00','2026-01-08 18:53:30.713 +00:00');
INSERT INTO Booking VALUES(210,'2025-12-18',22,'11:00',24,'12:00',11,'杨静','内部',70.0,'booked','mock_openid_001',3,'2026-01-08 18:54:09.281 +00:00','2026-01-08 18:54:09.281 +00:00');
INSERT INTO Booking VALUES(211,'2025-12-18',31,'15:30',33,'16:30',9,'丽华','内部',70.0,'booked','mock_openid_001',3,'2026-01-08 18:54:29.025 +00:00','2026-01-08 18:54:29.025 +00:00');
INSERT INTO Booking VALUES(212,'2025-12-18',38,'19:00',42,'21:00',2,'印梅','内部',140.0,'booked','mock_openid_001',3,'2026-01-08 18:54:51.766 +00:00','2026-01-08 18:54:51.766 +00:00');
INSERT INTO Booking VALUES(213,'2025-12-18',36,'18:00',40,'20:00',39,'冯吉星','外部',100.0,'booked','mock_openid_001',4,'2026-01-08 18:55:21.460 +00:00','2026-01-08 18:55:21.460 +00:00');
INSERT INTO Booking VALUES(214,'2025-12-18',26,'13:00',44,'22:00',38,'笑凡','外部',0.0,'booked','mock_openid_001',5,'2026-01-08 18:56:09.381 +00:00','2026-01-08 18:56:09.381 +00:00');
INSERT INTO Booking VALUES(215,'2025-12-19',26,'13:00',28,'14:00',6,'赵嫕','内部',70.0,'booked','mock_openid_001',2,'2026-01-08 18:59:53.614 +00:00','2026-01-08 18:59:53.614 +00:00');
INSERT INTO Booking VALUES(216,'2025-12-19',29,'14:30',31,'15:30',6,'赵嫕','内部',70.0,'booked','mock_openid_001',2,'2026-01-08 19:05:12.146 +00:00','2026-01-08 19:05:12.146 +00:00');
INSERT INTO Booking VALUES(217,'2025-12-19',34,'17:00',38,'19:00',2,'印梅','内部',140.0,'booked','mock_openid_001',2,'2026-01-08 19:05:45.022 +00:00','2026-01-08 19:05:45.022 +00:00');
INSERT INTO Booking VALUES(218,'2025-12-19',38,'19:00',40,'20:00',8,'周立红','内部',70.0,'booked','mock_openid_001',2,'2026-01-08 19:07:25.009 +00:00','2026-01-08 19:07:25.009 +00:00');
INSERT INTO Booking VALUES(219,'2025-12-19',40,'20:00',42,'21:00',4,'闫萍','内部',70.0,'booked','mock_openid_001',2,'2026-01-08 19:07:58.684 +00:00','2026-01-08 19:07:58.684 +00:00');
INSERT INTO Booking VALUES(220,'2025-12-19',36,'18:00',38,'19:00',15,'符瑶','内部',70.0,'booked','mock_openid_001',3,'2026-01-08 19:09:18.273 +00:00','2026-01-08 19:09:18.273 +00:00');
INSERT INTO Booking VALUES(221,'2025-12-19',38,'19:00',40,'20:00',5,'仝静','内部',70.0,'booked','mock_openid_001',3,'2026-01-08 19:09:37.116 +00:00','2026-01-08 19:09:37.116 +00:00');
INSERT INTO Booking VALUES(222,'2025-12-19',40,'20:00',42,'21:00',5,'仝静','内部',70.0,'booked','mock_openid_001',3,'2026-01-08 19:09:50.427 +00:00','2026-01-08 19:09:50.427 +00:00');
INSERT INTO Booking VALUES(223,'2025-12-20',22,'11:00',24,'12:00',3,'张劼','内部',70.0,'booked','mock_openid_001',1,'2026-01-08 19:11:55.580 +00:00','2026-01-08 19:11:55.580 +00:00');
INSERT INTO Booking VALUES(224,'2025-12-20',24,'12:00',26,'13:00',5,'仝静','内部',70.0,'booked','mock_openid_001',1,'2026-01-08 19:12:09.193 +00:00','2026-01-08 19:12:09.193 +00:00');
INSERT INTO Booking VALUES(225,'2025-12-20',26,'13:00',28,'14:00',1,'潘若思','内部',70.0,'booked','mock_openid_001',1,'2026-01-08 19:12:21.254 +00:00','2026-01-08 19:12:21.254 +00:00');
INSERT INTO Booking VALUES(226,'2025-12-20',39,'19:30',41,'20:30',7,'大文','内部',70.0,'booked','mock_openid_001',1,'2026-01-08 19:12:42.906 +00:00','2026-01-08 19:12:42.906 +00:00');
INSERT INTO Booking VALUES(227,'2025-12-20',17,'08:30',20,'10:00',9,'丽华','内部',70.0,'booked','mock_openid_001',2,'2026-01-08 19:13:14.312 +00:00','2026-01-08 19:13:14.312 +00:00');
INSERT INTO Booking VALUES(228,'2025-12-20',26,'13:00',30,'15:00',1,'潘若思','内部',140.0,'booked','mock_openid_001',2,'2026-01-08 19:13:38.572 +00:00','2026-01-08 19:13:38.572 +00:00');
INSERT INTO Booking VALUES(229,'2025-12-20',30,'15:00',32,'16:00',26,'马梦捷','外部',90.0,'booked','mock_openid_001',2,'2026-01-08 19:14:06.887 +00:00','2026-01-08 19:14:06.887 +00:00');
INSERT INTO Booking VALUES(230,'2025-12-20',32,'16:00',34,'17:00',1,'潘若思','内部',70.0,'booked','mock_openid_001',2,'2026-01-08 19:14:22.903 +00:00','2026-01-08 19:14:22.903 +00:00');
INSERT INTO Booking VALUES(231,'2025-12-20',35,'17:30',37,'18:30',1,'潘若思','内部',70.0,'booked','mock_openid_001',2,'2026-01-08 19:14:37.505 +00:00','2026-01-08 19:14:37.505 +00:00');
INSERT INTO Booking VALUES(232,'2025-12-20',38,'19:00',40,'20:00',17,'徐明燕','内部',70.0,'booked','mock_openid_001',2,'2026-01-08 19:15:03.434 +00:00','2026-01-08 19:15:03.434 +00:00');
INSERT INTO Booking VALUES(233,'2025-12-20',20,'10:00',22,'11:00',9,'丽华','内部',70.0,'booked','mock_openid_001',3,'2026-01-08 19:15:32.025 +00:00','2026-01-08 19:15:32.025 +00:00');
INSERT INTO Booking VALUES(234,'2025-12-20',22,'11:00',24,'12:00',15,'符瑶','内部',70.0,'booked','mock_openid_001',3,'2026-01-08 19:15:45.445 +00:00','2026-01-08 19:15:45.445 +00:00');
INSERT INTO Booking VALUES(235,'2025-12-20',25,'12:30',37,'18:30',9,'丽华','内部',420.0,'booked','mock_openid_001',3,'2026-01-08 19:16:58.250 +00:00','2026-01-08 19:16:58.250 +00:00');
INSERT INTO Booking VALUES(236,'2025-12-20',39,'19:30',42,'21:00',8,'周立红','内部',70.0,'booked','mock_openid_001',3,'2026-01-08 19:17:32.360 +00:00','2026-01-08 19:17:32.360 +00:00');
INSERT INTO Booking VALUES(237,'2025-12-20',20,'10:00',22,'11:00',7,'大文','内部',120.0,'booked','mock_openid_001',4,'2026-01-08 19:18:03.067 +00:00','2026-01-08 19:18:03.067 +00:00');
INSERT INTO Booking VALUES(238,'2025-12-20',22,'11:00',24,'12:00',9,'丽华','内部',120.0,'booked','mock_openid_001',4,'2026-01-08 19:18:31.737 +00:00','2026-01-08 19:18:31.737 +00:00');
INSERT INTO Booking VALUES(239,'2025-12-20',24,'12:00',38,'19:00',7,'大文','内部',840.0,'booked','mock_openid_001',4,'2026-01-08 19:18:57.213 +00:00','2026-01-08 19:18:57.213 +00:00');
INSERT INTO Booking VALUES(240,'2025-12-20',38,'19:00',40,'20:00',39,'冯吉星','外部',50.0,'booked','mock_openid_001',4,'2026-01-08 19:19:20.719 +00:00','2026-01-08 19:19:20.719 +00:00');
INSERT INTO Booking VALUES(241,'2025-12-20',18,'09:00',22,'11:00',38,'笑凡','外部',0.0,'booked','mock_openid_001',5,'2026-01-08 19:19:44.834 +00:00','2026-01-08 19:19:44.834 +00:00');
INSERT INTO Booking VALUES(242,'2025-12-20',22,'11:00',24,'12:00',2,'印梅','内部',70.0,'booked','mock_openid_001',5,'2026-01-08 19:20:02.983 +00:00','2026-01-08 19:20:02.983 +00:00');
INSERT INTO Booking VALUES(243,'2025-12-20',26,'13:00',28,'14:00',5,'仝静','内部',70.0,'booked','mock_openid_001',5,'2026-01-08 19:20:20.404 +00:00','2026-01-08 19:20:20.404 +00:00');
INSERT INTO Booking VALUES(244,'2025-12-20',30,'15:00',44,'22:00',38,'笑凡','外部',0.0,'booked','mock_openid_001',5,'2026-01-08 19:20:45.475 +00:00','2026-01-08 19:20:45.475 +00:00');
INSERT INTO Booking VALUES(245,'2025-12-21',28,'14:00',32,'16:00',1,'潘若思','内部',140.0,'booked','mock_openid_001',1,'2026-01-08 19:21:44.050 +00:00','2026-01-08 19:21:44.050 +00:00');
INSERT INTO Booking VALUES(246,'2025-12-21',32,'16:00',34,'17:00',36,'许媜','外部',90.0,'booked','mock_openid_001',1,'2026-01-08 19:22:05.745 +00:00','2026-01-08 19:22:05.745 +00:00');
INSERT INTO Booking VALUES(247,'2025-12-21',32,'16:00',34,'17:00',10,'陈蕾','内部',70.0,'booked','mock_openid_001',2,'2026-01-08 19:22:35.403 +00:00','2026-01-08 19:22:35.403 +00:00');
INSERT INTO Booking VALUES(248,'2025-12-21',35,'17:30',39,'19:30',10,'陈蕾','内部',140.0,'booked','mock_openid_001',2,'2026-01-08 19:22:54.911 +00:00','2026-01-08 19:22:54.911 +00:00');
INSERT INTO Booking VALUES(249,'2025-12-21',22,'11:00',24,'12:00',2,'印梅','内部',70.0,'booked','mock_openid_001',3,'2026-01-08 19:23:26.596 +00:00','2026-01-08 19:23:26.596 +00:00');
INSERT INTO Booking VALUES(250,'2025-12-21',26,'13:00',28,'14:00',1,'潘若思','内部',70.0,'booked','mock_openid_001',3,'2026-01-08 19:23:43.450 +00:00','2026-01-08 19:23:43.450 +00:00');
INSERT INTO Booking VALUES(251,'2025-12-21',32,'16:00',34,'17:00',2,'印梅','内部',70.0,'booked','mock_openid_001',3,'2026-01-08 19:24:05.751 +00:00','2026-01-08 19:24:05.751 +00:00');
INSERT INTO Booking VALUES(252,'2025-12-21',35,'17:30',37,'18:30',36,'许媜','外部',90.0,'booked','mock_openid_001',3,'2026-01-08 19:24:29.735 +00:00','2026-01-08 19:24:29.735 +00:00');
INSERT INTO Booking VALUES(253,'2025-12-21',37,'18:30',41,'20:30',33,'方跃璇','合作-漫漫',160.0,'booked','mock_openid_001',3,'2026-01-08 19:25:11.567 +00:00','2026-01-08 19:25:11.567 +00:00');
INSERT INTO Booking VALUES(254,'2025-12-21',22,'11:00',24,'12:00',1,'潘若思','内部',120.0,'booked','mock_openid_001',4,'2026-01-08 19:25:47.839 +00:00','2026-01-08 19:25:47.839 +00:00');
INSERT INTO Booking VALUES(255,'2025-12-21',24,'12:00',34,'17:00',7,'大文','内部',600.0,'booked','mock_openid_001',4,'2026-01-08 19:26:16.691 +00:00','2026-01-08 19:26:16.691 +00:00');
INSERT INTO Booking VALUES(256,'2025-12-21',22,'11:00',24,'12:00',38,'笑凡','外部',0.0,'booked','mock_openid_001',5,'2026-01-08 19:26:58.713 +00:00','2026-01-08 19:26:58.713 +00:00');
INSERT INTO Booking VALUES(257,'2025-12-21',24,'12:00',32,'16:00',3,'张劼','内部',280.0,'booked','mock_openid_001',5,'2026-01-08 19:27:21.797 +00:00','2026-01-08 19:27:21.797 +00:00');
INSERT INTO Booking VALUES(258,'2025-12-21',34,'17:00',36,'18:00',2,'印梅','内部',70.0,'booked','mock_openid_001',5,'2026-01-08 19:27:43.539 +00:00','2026-01-08 19:27:43.539 +00:00');
INSERT INTO Booking VALUES(259,'2025-12-22',32,'16:00',34,'17:00',39,'冯吉星','外部',50.0,'booked','mock_openid_001',2,'2026-01-08 19:28:21.787 +00:00','2026-01-08 19:28:21.787 +00:00');
INSERT INTO Booking VALUES(260,'2025-12-22',22,'11:00',24,'12:00',11,'杨静','内部',70.0,'booked','mock_openid_001',3,'2026-01-08 19:28:43.476 +00:00','2026-01-08 19:28:43.476 +00:00');
INSERT INTO Booking VALUES(261,'2025-12-22',34,'17:00',36,'18:00',6,'赵嫕','内部',120.0,'booked','mock_openid_001',4,'2026-01-08 19:29:12.910 +00:00','2026-01-08 19:29:12.910 +00:00');
INSERT INTO Booking VALUES(262,'2025-12-22',39,'19:30',41,'20:30',5,'仝静','内部',120.0,'booked','mock_openid_001',4,'2026-01-08 19:29:26.080 +00:00','2026-01-08 19:29:26.080 +00:00');
INSERT INTO Booking VALUES(263,'2025-12-22',26,'13:00',44,'22:00',38,'笑凡','外部',0.0,'booked','mock_openid_001',5,'2026-01-08 19:30:11.141 +00:00','2026-01-08 19:30:11.141 +00:00');
INSERT INTO Booking VALUES(264,'2025-12-23',40,'20:00',42,'21:00',25,'金超轶','外部',90.0,'booked','mock_openid_001',1,'2026-01-08 19:32:16.429 +00:00','2026-01-08 19:32:16.429 +00:00');
INSERT INTO Booking VALUES(265,'2025-12-23',20,'10:00',22,'11:00',6,'赵嫕','内部',70.0,'booked','mock_openid_001',2,'2026-01-08 19:33:11.110 +00:00','2026-01-08 19:33:11.110 +00:00');
INSERT INTO Booking VALUES(266,'2025-12-23',23,'11:30',25,'12:30',6,'赵嫕','内部',70.0,'booked','mock_openid_001',2,'2026-01-08 19:33:29.703 +00:00','2026-01-08 19:33:29.703 +00:00');
INSERT INTO Booking VALUES(267,'2025-12-23',27,'13:30',29,'14:30',27,'王芳培','外部',90.0,'booked','mock_openid_001',2,'2026-01-08 19:33:59.166 +00:00','2026-01-08 19:33:59.166 +00:00');
INSERT INTO Booking VALUES(268,'2025-12-23',34,'17:00',40,'20:00',10,'陈蕾','内部',210.0,'booked','mock_openid_001',2,'2026-01-08 19:34:39.680 +00:00','2026-01-08 19:34:39.680 +00:00');
INSERT INTO Booking VALUES(269,'2025-12-23',40,'20:00',42,'21:00',14,'周秀宇','内部',70.0,'booked','mock_openid_001',2,'2026-01-08 19:34:57.257 +00:00','2026-01-08 19:34:57.257 +00:00');
INSERT INTO Booking VALUES(270,'2025-12-23',28,'14:00',30,'15:00',8,'周立红','内部',70.0,'booked','mock_openid_001',3,'2026-01-08 19:36:02.048 +00:00','2026-01-08 19:36:02.048 +00:00');
INSERT INTO Booking VALUES(271,'2025-12-23',36,'18:00',38,'19:00',14,'周秀宇','内部',70.0,'booked','mock_openid_001',3,'2026-01-08 19:36:28.591 +00:00','2026-01-08 19:36:28.591 +00:00');
INSERT INTO Booking VALUES(272,'2025-12-23',38,'19:00',42,'21:00',39,'冯吉星','外部',100.0,'booked','mock_openid_001',3,'2026-01-08 19:36:57.664 +00:00','2026-01-08 19:36:57.664 +00:00');
INSERT INTO Booking VALUES(273,'2025-12-23',38,'19:00',40,'20:00',14,'周秀宇','内部',120.0,'booked','mock_openid_001',4,'2026-01-08 19:37:22.580 +00:00','2026-01-08 19:37:22.580 +00:00');
INSERT INTO Booking VALUES(274,'2025-12-24',30,'15:00',36,'18:00',10,'陈蕾','内部',210.0,'booked','mock_openid_001',2,'2026-01-08 19:38:37.932 +00:00','2026-01-08 19:38:37.932 +00:00');
INSERT INTO Booking VALUES(275,'2025-12-24',40,'20:00',42,'21:00',19,'曹晓春','内部',70.0,'booked','mock_openid_001',2,'2026-01-08 19:39:12.892 +00:00','2026-01-08 19:39:12.892 +00:00');
INSERT INTO Booking VALUES(276,'2025-12-24',24,'12:00',29,'14:30',25,'金超轶','外部',180.0,'booked','mock_openid_001',3,'2026-01-08 19:39:51.738 +00:00','2026-01-08 19:39:51.738 +00:00');
INSERT INTO Booking VALUES(277,'2025-12-24',30,'15:00',32,'16:00',25,'金超轶','外部',90.0,'booked','mock_openid_001',3,'2026-01-08 19:40:05.984 +00:00','2026-01-08 19:40:05.984 +00:00');
INSERT INTO Booking VALUES(278,'2025-12-24',40,'20:00',42,'21:00',39,'冯吉星','外部',50.0,'booked','mock_openid_001',3,'2026-01-08 19:40:30.846 +00:00','2026-01-08 19:40:30.846 +00:00');
INSERT INTO Booking VALUES(279,'2025-12-24',42,'21:00',44,'22:00',29,'瑛姿','外部',90.0,'booked','mock_openid_001',3,'2026-01-08 19:40:56.988 +00:00','2026-01-08 19:40:56.988 +00:00');
INSERT INTO Booking VALUES(280,'2025-12-24',36,'18:00',40,'20:00',3,'张劼','内部',140.0,'booked','mock_openid_001',5,'2026-01-08 19:41:32.570 +00:00','2026-01-08 19:41:32.570 +00:00');
INSERT INTO Booking VALUES(281,'2025-12-25',23,'11:30',25,'12:30',20,'悦悦','外部',90.0,'booked','mock_openid_001',1,'2026-01-08 19:43:26.020 +00:00','2026-01-08 19:43:26.020 +00:00');
INSERT INTO Booking VALUES(282,'2025-12-25',18,'09:00',20,'10:00',26,'马梦捷','外部',90.0,'booked','mock_openid_001',2,'2026-01-08 19:44:01.629 +00:00','2026-01-08 19:44:01.629 +00:00');
INSERT INTO Booking VALUES(283,'2025-12-25',24,'12:00',26,'13:00',5,'仝静','内部',70.0,'booked','mock_openid_001',2,'2026-01-08 19:44:34.486 +00:00','2026-01-08 19:44:34.486 +00:00');
INSERT INTO Booking VALUES(284,'2025-12-25',26,'13:00',28,'14:00',26,'马梦捷','外部',90.0,'booked','mock_openid_001',2,'2026-01-08 19:45:21.745 +00:00','2026-01-08 19:45:21.745 +00:00');
INSERT INTO Booking VALUES(285,'2025-12-25',28,'14:00',30,'15:00',12,'宫海蓉','内部',70.0,'booked','mock_openid_001',2,'2026-01-08 19:45:44.780 +00:00','2026-01-08 19:45:44.780 +00:00');
INSERT INTO Booking VALUES(286,'2025-12-25',33,'16:30',35,'17:30',9,'丽华','内部',70.0,'booked','mock_openid_001',2,'2026-01-08 19:46:07.194 +00:00','2026-01-08 19:46:07.194 +00:00');
INSERT INTO Booking VALUES(287,'2025-12-25',36,'18:00',40,'20:00',9,'丽华','内部',140.0,'booked','mock_openid_001',2,'2026-01-08 19:46:48.093 +00:00','2026-01-08 19:46:48.093 +00:00');
INSERT INTO Booking VALUES(288,'2025-12-25',20,'10:00',24,'12:00',11,'杨静','内部',140.0,'booked','mock_openid_001',3,'2026-01-08 19:47:31.330 +00:00','2026-01-08 19:47:31.330 +00:00');
INSERT INTO Booking VALUES(289,'2025-12-25',31,'15:30',33,'16:30',9,'丽华','内部',70.0,'booked','mock_openid_001',3,'2026-01-08 19:48:08.001 +00:00','2026-01-08 19:48:08.001 +00:00');
INSERT INTO Booking VALUES(290,'2025-12-25',38,'19:00',42,'21:00',2,'印梅','内部',140.0,'booked','mock_openid_001',3,'2026-01-08 19:48:30.562 +00:00','2026-01-08 19:48:30.562 +00:00');
INSERT INTO Booking VALUES(291,'2025-12-25',32,'16:00',34,'17:00',4,'闫萍','内部',120.0,'booked','mock_openid_001',4,'2026-01-08 19:48:52.683 +00:00','2026-01-08 19:48:52.683 +00:00');
INSERT INTO Booking VALUES(292,'2025-12-25',26,'13:00',44,'22:00',38,'笑凡','外部',0.0,'booked','mock_openid_001',5,'2026-01-08 19:49:22.127 +00:00','2026-01-08 19:49:22.127 +00:00');
INSERT INTO Booking VALUES(293,'2025-12-26',32,'16:00',34,'17:00',6,'赵嫕','内部',70.0,'booked','mock_openid_001',1,'2026-01-08 19:50:54.338 +00:00','2026-01-08 19:50:54.338 +00:00');
INSERT INTO Booking VALUES(294,'2025-12-26',24,'12:00',28,'14:00',6,'赵嫕','内部',140.0,'booked','mock_openid_001',2,'2026-01-08 19:51:23.828 +00:00','2026-01-08 19:51:23.828 +00:00');
INSERT INTO Booking VALUES(295,'2025-12-26',34,'17:00',38,'19:00',2,'印梅','内部',140.0,'booked','mock_openid_001',2,'2026-01-08 19:51:51.708 +00:00','2026-01-08 19:51:51.708 +00:00');
INSERT INTO Booking VALUES(296,'2025-12-26',38,'19:00',40,'20:00',1,'潘若思','内部',70.0,'booked','mock_openid_001',2,'2026-01-08 19:52:04.583 +00:00','2026-01-08 19:52:04.583 +00:00');
INSERT INTO Booking VALUES(297,'2025-12-26',40,'20:00',42,'21:00',4,'闫萍','内部',70.0,'booked','mock_openid_001',2,'2026-01-08 19:52:21.452 +00:00','2026-01-08 19:52:21.452 +00:00');
INSERT INTO Booking VALUES(298,'2025-12-26',32,'16:00',34,'17:00',1,'潘若思','内部',70.0,'booked','mock_openid_001',3,'2026-01-08 19:52:47.100 +00:00','2026-01-08 19:52:47.100 +00:00');
INSERT INTO Booking VALUES(299,'2025-12-26',34,'17:00',36,'18:00',24,'雪雪','合作-漫漫',80.0,'booked','mock_openid_001',3,'2026-01-08 19:53:21.664 +00:00','2026-01-08 19:53:21.664 +00:00');
INSERT INTO Booking VALUES(300,'2025-12-26',36,'18:00',38,'19:00',15,'符瑶','内部',70.0,'booked','mock_openid_001',3,'2026-01-08 19:53:39.305 +00:00','2026-01-08 19:53:39.305 +00:00');
INSERT INTO Booking VALUES(301,'2025-12-26',38,'19:00',40,'20:00',5,'仝静','内部',70.0,'booked','mock_openid_001',3,'2026-01-08 19:53:57.341 +00:00','2026-01-08 19:53:57.341 +00:00');
INSERT INTO Booking VALUES(302,'2025-12-26',41,'20:30',43,'21:30',1,'潘若思','内部',70.0,'booked','mock_openid_001',3,'2026-01-08 19:54:32.651 +00:00','2026-01-08 19:54:32.651 +00:00');
INSERT INTO Booking VALUES(303,'2025-12-26',35,'17:30',37,'18:30',6,'赵嫕','内部',120.0,'booked','mock_openid_001',4,'2026-01-08 19:54:56.683 +00:00','2026-01-08 19:54:56.683 +00:00');
INSERT INTO Booking VALUES(304,'2025-12-26',38,'19:00',40,'20:00',2,'印梅','内部',120.0,'booked','mock_openid_001',4,'2026-01-08 19:55:09.826 +00:00','2026-01-08 19:55:09.826 +00:00');
INSERT INTO Booking VALUES(305,'2025-12-27',19,'09:30',21,'10:30',19,'曹晓春','内部',70.0,'booked','mock_openid_001',1,'2026-01-08 19:55:42.116 +00:00','2026-01-08 19:55:42.116 +00:00');
INSERT INTO Booking VALUES(306,'2025-12-27',22,'11:00',24,'12:00',3,'张劼','内部',70.0,'booked','mock_openid_001',1,'2026-01-08 19:56:00.411 +00:00','2026-01-08 19:56:00.411 +00:00');
INSERT INTO Booking VALUES(307,'2025-12-27',26,'13:00',28,'14:00',1,'潘若思','内部',70.0,'booked','mock_openid_001',1,'2026-01-08 19:56:13.932 +00:00','2026-01-08 19:56:13.932 +00:00');
INSERT INTO Booking VALUES(308,'2025-12-27',17,'08:30',20,'10:00',9,'丽华','内部',70.0,'booked','mock_openid_001',2,'2026-01-08 19:56:40.465 +00:00','2026-01-08 19:56:40.465 +00:00');
INSERT INTO Booking VALUES(309,'2025-12-27',22,'11:00',24,'12:00',8,'周立红','内部',70.0,'booked','mock_openid_001',2,'2026-01-08 19:56:58.193 +00:00','2026-01-08 19:56:58.193 +00:00');
INSERT INTO Booking VALUES(310,'2025-12-27',26,'13:00',30,'15:00',1,'潘若思','内部',140.0,'booked','mock_openid_001',2,'2026-01-08 19:57:19.468 +00:00','2026-01-08 19:57:19.468 +00:00');
INSERT INTO Booking VALUES(311,'2025-12-27',30,'15:00',32,'16:00',26,'马梦捷','外部',90.0,'booked','mock_openid_001',2,'2026-01-08 19:57:35.238 +00:00','2026-01-08 19:57:35.238 +00:00');
INSERT INTO Booking VALUES(312,'2025-12-27',32,'16:00',36,'18:00',1,'潘若思','内部',140.0,'booked','mock_openid_001',2,'2026-01-08 19:57:56.422 +00:00','2026-01-08 19:57:56.422 +00:00');
INSERT INTO Booking VALUES(313,'2025-12-27',20,'10:00',22,'11:00',9,'丽华','内部',70.0,'booked','mock_openid_001',3,'2026-01-08 19:58:26.186 +00:00','2026-01-08 19:58:26.186 +00:00');
INSERT INTO Booking VALUES(314,'2025-12-27',22,'11:00',24,'12:00',15,'符瑶','内部',70.0,'booked','mock_openid_001',3,'2026-01-08 19:58:40.364 +00:00','2026-01-08 19:58:40.364 +00:00');
INSERT INTO Booking VALUES(315,'2025-12-27',25,'12:30',37,'18:30',9,'丽华','内部',420.0,'booked','mock_openid_001',3,'2026-01-08 19:59:02.994 +00:00','2026-01-08 19:59:02.994 +00:00');
INSERT INTO Booking VALUES(316,'2025-12-27',39,'19:30',42,'21:00',8,'周立红','内部',70.0,'booked','mock_openid_001',3,'2026-01-08 19:59:25.416 +00:00','2026-01-08 19:59:25.416 +00:00');
INSERT INTO Booking VALUES(317,'2025-12-27',22,'11:00',24,'12:00',9,'丽华','内部',120.0,'booked','mock_openid_001',4,'2026-01-08 19:59:46.920 +00:00','2026-01-08 19:59:46.920 +00:00');
INSERT INTO Booking VALUES(318,'2025-12-27',35,'17:30',37,'18:30',39,'冯吉星','外部',50.0,'booked','mock_openid_001',4,'2026-01-08 20:00:04.644 +00:00','2026-01-08 20:00:04.644 +00:00');
INSERT INTO Booking VALUES(319,'2025-12-27',18,'09:00',22,'11:00',38,'笑凡','外部',0.0,'booked','mock_openid_001',5,'2026-01-08 20:00:24.761 +00:00','2026-01-08 20:00:24.761 +00:00');
INSERT INTO Booking VALUES(320,'2025-12-27',30,'15:00',44,'22:00',38,'笑凡','外部',0.0,'booked','mock_openid_001',5,'2026-01-08 20:00:41.117 +00:00','2026-01-08 20:00:41.117 +00:00');
INSERT INTO Booking VALUES(321,'2025-12-28',28,'14:00',32,'16:00',1,'潘若思','内部',140.0,'booked','mock_openid_001',1,'2026-01-08 20:01:09.446 +00:00','2026-01-08 20:01:09.446 +00:00');
INSERT INTO Booking VALUES(322,'2025-12-28',20,'10:00',24,'12:00',10,'陈蕾','内部',140.0,'booked','mock_openid_001',2,'2026-01-08 20:01:34.140 +00:00','2026-01-08 20:01:34.140 +00:00');
INSERT INTO Booking VALUES(323,'2025-12-28',24,'12:00',26,'13:00',2,'印梅','内部',70.0,'booked','mock_openid_001',2,'2026-01-08 20:01:52.987 +00:00','2026-01-08 20:01:52.987 +00:00');
INSERT INTO Booking VALUES(324,'2025-12-28',26,'13:00',34,'17:00',10,'陈蕾','内部',280.0,'booked','mock_openid_001',2,'2026-01-08 20:02:12.769 +00:00','2026-01-08 20:02:12.769 +00:00');
INSERT INTO Booking VALUES(325,'2025-12-28',35,'17:30',39,'19:30',10,'陈蕾','内部',140.0,'booked','mock_openid_001',2,'2026-01-08 20:02:30.870 +00:00','2026-01-08 20:02:30.870 +00:00');
INSERT INTO Booking VALUES(326,'2025-12-28',20,'10:00',22,'11:00',32,'叶闻','合作-漫漫',80.0,'booked','mock_openid_001',3,'2026-01-08 20:03:04.180 +00:00','2026-01-08 20:03:04.180 +00:00');
INSERT INTO Booking VALUES(327,'2025-12-28',22,'11:00',24,'12:00',2,'印梅','内部',70.0,'booked','mock_openid_001',3,'2026-01-08 20:03:19.833 +00:00','2026-01-08 20:03:19.833 +00:00');
INSERT INTO Booking VALUES(328,'2025-12-28',28,'14:00',30,'15:00',2,'印梅','内部',70.0,'booked','mock_openid_001',3,'2026-01-08 20:03:35.592 +00:00','2026-01-08 20:03:35.592 +00:00');
INSERT INTO Booking VALUES(329,'2025-12-28',32,'16:00',34,'17:00',2,'印梅','内部',70.0,'booked','mock_openid_001',3,'2026-01-08 20:03:42.851 +00:00','2026-01-08 20:03:42.851 +00:00');
INSERT INTO Booking VALUES(330,'2025-12-28',37,'18:30',41,'20:30',33,'方跃璇','合作-漫漫',160.0,'booked','mock_openid_001',3,'2026-01-08 20:04:07.548 +00:00','2026-01-08 20:04:07.548 +00:00');
INSERT INTO Booking VALUES(331,'2025-12-28',20,'10:00',22,'11:00',5,'仝静','内部',120.0,'booked','mock_openid_001',4,'2026-01-08 20:04:34.382 +00:00','2026-01-08 20:04:34.382 +00:00');
INSERT INTO Booking VALUES(332,'2025-12-28',22,'11:00',24,'12:00',1,'潘若思','内部',120.0,'booked','mock_openid_001',4,'2026-01-08 20:04:46.452 +00:00','2026-01-08 20:04:46.452 +00:00');
INSERT INTO Booking VALUES(333,'2025-12-28',26,'13:00',28,'14:00',2,'印梅','内部',120.0,'booked','mock_openid_001',4,'2026-01-08 20:04:58.018 +00:00','2026-01-08 20:04:58.018 +00:00');
INSERT INTO Booking VALUES(334,'2025-12-28',20,'10:00',22,'11:00',2,'印梅','内部',70.0,'booked','mock_openid_001',5,'2026-01-08 20:05:22.880 +00:00','2026-01-08 20:05:22.880 +00:00');
INSERT INTO Booking VALUES(335,'2025-12-28',24,'12:00',34,'17:00',3,'张劼','内部',350.0,'booked','mock_openid_001',5,'2026-01-08 20:05:42.353 +00:00','2026-01-08 20:05:42.353 +00:00');
INSERT INTO Booking VALUES(336,'2025-12-29',32,'16:00',34,'17:00',6,'赵嫕','内部',70.0,'booked','mock_openid_001',1,'2026-01-08 20:06:27.841 +00:00','2026-01-08 20:06:27.841 +00:00');
INSERT INTO Booking VALUES(337,'2025-12-29',32,'16:00',36,'18:00',10,'陈蕾','内部',140.0,'booked','mock_openid_001',2,'2026-01-08 20:06:47.206 +00:00','2026-01-08 20:06:47.206 +00:00');
INSERT INTO Booking VALUES(338,'2025-12-29',36,'18:00',40,'20:00',1,'潘若思','内部',140.0,'booked','mock_openid_001',2,'2026-01-08 20:07:21.608 +00:00','2026-01-08 20:07:21.608 +00:00');
INSERT INTO Booking VALUES(339,'2025-12-29',22,'11:00',24,'12:00',11,'杨静','内部',70.0,'booked','mock_openid_001',3,'2026-01-08 20:08:03.223 +00:00','2026-01-08 20:08:03.223 +00:00');
INSERT INTO Booking VALUES(340,'2025-12-29',34,'17:00',36,'18:00',6,'赵嫕','内部',120.0,'booked','mock_openid_001',4,'2026-01-08 20:08:28.455 +00:00','2026-01-08 20:08:28.455 +00:00');
INSERT INTO Booking VALUES(341,'2025-12-29',39,'19:30',41,'20:30',5,'仝静','内部',120.0,'booked','mock_openid_001',4,'2026-01-08 20:08:48.834 +00:00','2026-01-08 20:08:48.834 +00:00');
INSERT INTO Booking VALUES(342,'2025-12-29',26,'13:00',44,'22:00',38,'笑凡','外部',0.0,'booked','mock_openid_001',5,'2026-01-08 20:09:20.469 +00:00','2026-01-08 20:09:20.469 +00:00');
INSERT INTO Booking VALUES(343,'2025-12-30',20,'10:00',22,'11:00',6,'赵嫕','内部',70.0,'booked','mock_openid_001',2,'2026-01-08 20:10:44.345 +00:00','2026-01-08 20:10:44.345 +00:00');
INSERT INTO Booking VALUES(344,'2025-12-30',23,'11:30',25,'12:30',6,'赵嫕','内部',70.0,'booked','mock_openid_001',2,'2026-01-08 20:11:02.212 +00:00','2026-01-08 20:11:02.212 +00:00');
INSERT INTO Booking VALUES(345,'2025-12-30',25,'12:30',27,'13:30',6,'赵嫕','内部',70.0,'booked','mock_openid_001',2,'2026-01-08 20:11:13.632 +00:00','2026-01-08 20:11:13.632 +00:00');
INSERT INTO Booking VALUES(346,'2025-12-30',28,'14:00',30,'15:00',27,'王芳培','外部',90.0,'booked','mock_openid_001',2,'2026-01-08 20:11:32.084 +00:00','2026-01-08 20:11:32.084 +00:00');
INSERT INTO Booking VALUES(347,'2025-12-30',30,'15:00',32,'16:00',10,'陈蕾','内部',70.0,'booked','mock_openid_001',2,'2026-01-08 20:11:55.306 +00:00','2026-01-08 20:11:55.306 +00:00');
INSERT INTO Booking VALUES(348,'2025-12-30',38,'19:00',40,'20:00',25,'金超轶','外部',90.0,'booked','mock_openid_001',2,'2026-01-08 20:12:21.116 +00:00','2026-01-08 20:12:21.116 +00:00');
INSERT INTO Booking VALUES(349,'2025-12-30',40,'20:00',42,'21:00',14,'周秀宇','内部',70.0,'booked','mock_openid_001',2,'2026-01-08 20:12:38.890 +00:00','2026-01-08 20:12:38.890 +00:00');
INSERT INTO Booking VALUES(350,'2025-12-30',28,'14:00',30,'15:00',8,'周立红','内部',70.0,'booked','mock_openid_001',3,'2026-01-08 20:13:17.667 +00:00','2026-01-08 20:13:17.667 +00:00');
INSERT INTO Booking VALUES(351,'2025-12-30',30,'15:00',32,'16:00',39,'冯吉星','外部',50.0,'booked','mock_openid_001',3,'2026-01-08 20:13:32.274 +00:00','2026-01-08 20:13:32.274 +00:00');
INSERT INTO Booking VALUES(352,'2025-12-30',36,'18:00',38,'19:00',14,'周秀宇','内部',70.0,'booked','mock_openid_001',3,'2026-01-08 20:14:15.844 +00:00','2026-01-08 20:14:15.844 +00:00');
INSERT INTO Booking VALUES(353,'2025-12-30',38,'19:00',40,'20:00',37,'李菁','外部',90.0,'booked','mock_openid_001',3,'2026-01-08 20:14:39.966 +00:00','2026-01-08 20:14:39.966 +00:00');
INSERT INTO Booking VALUES(354,'2025-12-30',40,'20:00',42,'21:00',39,'冯吉星','外部',50.0,'booked','mock_openid_001',3,'2026-01-08 20:14:52.364 +00:00','2026-01-08 20:14:52.364 +00:00');
INSERT INTO Booking VALUES(355,'2025-12-30',38,'19:00',40,'20:00',39,'冯吉星','外部',50.0,'booked','mock_openid_001',4,'2026-01-08 20:15:10.594 +00:00','2026-01-08 20:15:10.594 +00:00');
INSERT INTO Booking VALUES(356,'2025-12-31',22,'11:00',24,'12:00',18,'杨飞','内部',70.0,'booked','mock_openid_001',2,'2026-01-08 20:15:46.207 +00:00','2026-01-08 20:15:46.207 +00:00');
INSERT INTO Booking VALUES(357,'2025-12-31',30,'15:00',32,'16:00',10,'陈蕾','内部',70.0,'booked','mock_openid_001',2,'2026-01-08 20:16:09.248 +00:00','2026-01-08 20:16:09.248 +00:00');
INSERT INTO Booking VALUES(358,'2025-12-31',22,'11:00',24,'12:00',33,'方跃璇','合作-漫漫',80.0,'booked','mock_openid_001',3,'2026-01-08 20:16:47.550 +00:00','2026-01-08 20:16:47.550 +00:00');
INSERT INTO Booking VALUES(359,'2025-12-31',22,'11:00',24,'12:00',2,'印梅','内部',70.0,'booked','mock_openid_001',5,'2026-01-08 20:17:08.866 +00:00','2026-01-08 20:17:08.866 +00:00');
INSERT INTO Booking VALUES(360,'2025-12-31',36,'18:00',40,'20:00',3,'张劼','内部',140.0,'booked','mock_openid_001',5,'2026-01-08 20:17:25.640 +00:00','2026-01-08 20:17:25.640 +00:00');
CREATE TABLE `RecurringRule` (`id` INTEGER PRIMARY KEY AUTOINCREMENT, `day_of_week` INTEGER NOT NULL, `start_time` VARCHAR(255) NOT NULL, `start_time_slot` INTEGER NOT NULL, `end_time` VARCHAR(255) NOT NULL, `end_time_slot` INTEGER NOT NULL, `createdAt` DATETIME NOT NULL, `updatedAt` DATETIME NOT NULL, `counselor_id` INTEGER REFERENCES `Counselor` (`id`) ON DELETE SET NULL ON UPDATE CASCADE, `room_id` INTEGER REFERENCES `Room` (`id`) ON DELETE SET NULL ON UPDATE CASCADE);
DELETE FROM sqlite_sequence;
INSERT INTO sqlite_sequence VALUES('User',1);
INSERT INTO sqlite_sequence VALUES('Room',5);
INSERT INTO sqlite_sequence VALUES('Counselor',39);
INSERT INTO sqlite_sequence VALUES('Booking',360);
COMMIT;
